{
    "display": {
      "icon": {
        "id": "minecraft:glass",
        "components": {
          "minecraft:item_model": "minecraft:boomerang_definitive"
        }
      },
      "title": "Boomeradventurer",
      "description": "Obtain all the Boomerangs in the game",
      "background": "minecraft:block/diamond_block",
      "frame": "challenge",
      "show_toast": true,
      "announce_to_chat": true
    },
    "criteria": {
      "requirement": {
        "trigger": "minecraft:impossible"
      }
    },
    "rewards": {
      "function": "boomerang:definitive"
    },
    "sends_telemetry_event": true
  }
  