{
  "type": "minecraft:crafting_shaped",
  "pattern": [
    " # ",
    "#  ",
    " # "
  ],
  "key": {
    "#": "minecraft:cherry_planks"
  },
  "result": {
    "id": "minecraft:chain_command_block",
    "count": 1,
    "components": {
      "minecraft:consumable": {
        "consume_seconds": 9999999
      },
      "minecraft:item_model": "boomerang_cherry",
      "minecraft:max_stack_size": 1,
      "minecraft:max_damage": 64,
      "minecraft:custom_name": "{\"text\":\"Cherry Boomerang\", \"italic\": false} ",
      "minecraft:custom_data": "{Material:Wooden}",
      "minecraft:rarity": "common"
    }
  }
}