{
  "type": "minecraft:crafting_shaped",
  "pattern": [
    " # ",
    "#  ",
    " # "
  ],
  "key": {
    "#": "minecraft:copper_ingot"
  },
  "result": {
    "id": "minecraft:chain_command_block",
    "count": 1,
    "components": {
      "minecraft:consumable": {
        "consume_seconds": 9999999
      },
      "minecraft:item_model": "boomerang_copper",
      "minecraft:max_stack_size": 1,
      "minecraft:max_damage": 203,
      "minecraft:custom_name": "{\"text\":\"Copper Boomerang\", \"italic\": false} ",
      "minecraft:custom_data": "{Material:Copper}",
      "minecraft:rarity": "common",
      "minecraft:lore": [
        "{\"text\":\"On a rainy or stormy day it can be destroyed by lightning\",\"italic\":false}"
      ]
    }
  }
}
