{
    "type": "minecraft:crafting_shaped",
    "pattern": [
      " # ",
      "#  ",
      " # "
    ],
    "key": {
      "#": "minecraft:diamond"
    },
    "result": {
      "id": "minecraft:chain_command_block",
      "count": 1,
      "components": {
        "minecraft:consumable": {
          "consume_seconds": 9999999
        },
        "minecraft:item_model": "boomerang_diamond",
        "minecraft:max_stack_size": 1,
        "minecraft:max_damage": 1565,
        "minecraft:custom_name": "{\"text\":\"Diamond Boomerang\", \"italic\": false} ",
        "minecraft:custom_data": "{Material:Diamond}",
        "minecraft:rarity": "common"
      }
    }
  }
  