{
  "type": "minecraft:smithing_transform",
  "template": "minecraft:netherite_upgrade_smithing_template",
  "base": "minecraft:chain_command_block",
  "addition": "minecraft:netherite_ingot",
  "result": {
    "id": "minecraft:chain_command_block",
    "count": 1,
    "components": {
      "minecraft:item_model": "boomerang_netherite",
      "minecraft:consumable": {
        "consume_seconds": 9999999
      },
      "minecraft:max_damage": 2050,
      "minecraft:max_stack_size": 1,
      "minecraft:custom_data": "{Material:Netherite}",
      "minecraft:custom_name": "{\"text\":\"Netherite Boomerang\", \"italic\": false} ",
      "minecraft:damage_resistant": {
        "types": "#minecraft:is_fire"
      },
      "minecraft:rarity": "common"
    }
  }
}
