{
    "pools": [
        {
            "rolls": 1,
            "entries": [
                {
                    "type": "minecraft:item",
                    "name": "minecraft:white_dye",
                    "functions": [
                        {
                            "function": "minecraft:set_components",
                            "components": {
                                "minecraft:item_name": "{\"text\":\"Swiftness Syringe\",\"italic\":false,\"color\":\"aqua\"}",
                                "minecraft:lore": [
                                    "[{\"text\":\"Effects: \",\"color\":\"gray\",\"italic\":false},{\"text\":\"Speed IV (00:30)\",\"color\":\"dark_aqua\"}]",
                                    "[{\"text\":\"Use Time: \",\"color\":\"gray\",\"italic\":false},{\"text\":\"10 ticks\",\"color\":\"yellow\",\"italic\":false}]"
                                ],
                                "item_model": "gbg:medical/swiftness_syringe",
                                "minecraft:max_stack_size": 8,
                                "custom_data": {
                                    "gbg_is_medical_item": 1,
                                    "swiftness_syringe": 1
                                },
                                "minecraft:food": {
                                    "nutrition": 0,
                                    "saturation": 0,
                                    "can_always_eat": true
                                },
                                "minecraft:consumable": {
                                    "consume_seconds": 1000000,
                                    "animation": "none",
                                    "has_consume_particles": false
                                }
                            }
                        }
                    ]
                }
            ]
        }
    ]
}