{
    "type": "minecraft:crafting_shapeless",
    "category": "equipment",
    "ingredients": [
        "minecraft:redstone",
        "minecraft:iron_ingot",
        "minecraft:iron_ingot"
    ],
    "result": {
        "id": "minecraft:carrot_on_a_stick",
        "components": {
            "minecraft:item_name": "{\"text\":\"C4 Remote\",\"color\":\"dark_green\",\"italic\":false}",
            "minecraft:lore": [
                "[{\"text\":\"Uses: \",\"color\":\"gray\",\"italic\":false},{\"text\":\"5/5\",\"color\":\"gold\",\"italic\":false}]",
                "[{\"text\":\"Range: \",\"color\":\"gray\",\"italic\":false},{\"text\":\"50\",\"color\":\"green\",\"italic\":false}]"
            ],
            "item_model": "gbg:equipment/c4_remote",
            "minecraft:max_stack_size": 1,
            "minecraft:max_damage": 5,
            "minecraft:damage": 0,
            "minecraft:custom_data": {
                "gbg_c4_remote": 1,
                "gbg_item_uses_left": 5
            }
        }
    }
}