{
    "type": "minecraft:crafting_shaped",
    "category": "equipment",
    "pattern": [
        " P ",
        "CTC",
        "IRI"
    ],
    "key": {
        "I": "minecraft:iron_ingot",
        "R": "minecraft:redstone_block",
        "C": "minecraft:green_concrete",
        "T": "minecraft:tnt",
        "P": "minecraft:heavy_weighted_pressure_plate"
    },
    "result": {
        "id": "minecraft:item_frame",
        "components": {
            "minecraft:item_name": "{\"color\":\"dark_green\",\"italic\":false,\"text\":\"Land Mine\"}",
            "minecraft:lore": [
                "[{\"color\":\"gray\",\"italic\":false,\"text\":\"Damage: \"},{\"color\":\"red\",\"italic\":false,\"text\":\"43\"}]",
                "{\"color\":\"dark_aqua\",\"italic\":true,\"text\":\"Explodes on Impact\"}"
            ],
            "item_model": "gbg:equipment/land_mine",
            "minecraft:custom_data": {
                "land_mine": 1
            },
            "minecraft:entity_data": {
                "id": "minecraft:item_frame",
                "Tags": [
                    "land_mine"
                ],
                "Item": {
                    "count": 1,
                    "id": "minecraft:item_frame",
                    "components": {
                        "item_model": "gbg:equipment/land_mine"
                    }
                },
                "Fixed": true,
                "Invisible": true,
                "Silent": true,
                "Invulnerable": true
            }
        }
    }
}