{
    "pools": [
        {
            "rolls": 1,
            "entries": [
                {
                    "type": "minecraft:item",
                    "name": "minecraft:crossbow",
                    "functions": [
                        {
                            "function": "minecraft:set_components",
                            "components": {
                                "minecraft:custom_name": "{\"text\":\"Bazooka\",\"color\":\"yellow\",\"italic\":false}",
                                "minecraft:lore": [
                                    "[{\"text\":\"Ammo: \",\"color\":\"gray\",\"italic\":false},{\"text\":\" 0/1\",\"color\":\"gold\",\"italic\":false}]",
                                    "[{\"text\":\"Damage: \",\"color\":\"gray\",\"italic\":false},{\"text\":\" 43\",\"color\":\"red\",\"italic\":false}]",
                                    "[{\"text\":\"Range: \",\"color\":\"gray\",\"italic\":false},{\"text\":\" 100\",\"color\":\"green\",\"italic\":false}]",
                                    "[{\"text\":\"Rate of Fire: \",\"color\":\"gray\",\"italic\":false},{\"text\":\" 10 ticks\",\"color\":\"yellow\",\"italic\":false}]",
                                    "[{\"text\":\"Ammunition: \",\"color\":\"gray\",\"italic\":false},{\"text\":\" gbg_rocket\",\"color\":\"#0098ff\",\"italic\":false}]",
                                    "[{\"text\":\"Reload Speed: \",\"color\":\"gray\",\"italic\":false},{\"text\":\" 50 ticks\",\"color\":\"#2dfcff\",\"italic\":false}]",
                                    "[{\"text\":\"Recoil Strength: \",\"color\":\"gray\",\"italic\":false},{\"text\":\" 10/14\",\"color\":\"#bf46ff\",\"italic\":false}]",
                                    "[{\"text\":\"Press \",\"color\":\"dark_gray\",\"italic\":true},{\"keybind\":\"key.swapOffhand\",\"color\":\"dark_red\",\"italic\":true},{\"text\":\" to reload\",\"color\":\"dark_gray\",\"italic\":true}]",
                                    "[{\"keybind\":\"key.use\",\"color\":\"dark_red\",\"italic\":true},{\"text\":\" to shoot\",\"color\":\"dark_gray\",\"italic\":true}]"
                                ],
                                "minecraft:item_model": "gbg:gun/standard/bazooka",
                                "minecraft:damage": 198,
                                "minecraft:max_damage": 200,
                                "minecraft:max_stack_size": 1,
                                "minecraft:custom_data": {
                                    "gbg_is_gun": 1,
                                    "gbg": {
                                        "gun_version": 3,
                                        "damage": 3,
                                        "range": 100,
                                        "fire_rate": 10,
                                        "projectile_type": 100,
                                        "projectile_speed": 10,
                                        "damage_type": 8,
                                        "zoom_strength": 10,
                                        "disable_zoom_bobbing": false,
                                        "recoil_strength": 10,
                                        "zoom_recoil_strength": 6,
                                        "max_ammo": 1,
                                        "current_ammo": 0,
                                        "reload_speed": 70,
                                        "reload_type": 1,
                                        "ammo_base": "command_block",
                                        "ammo_item_tag": "gbg_rocket",
                                        "shoot_sound": "gbg:bazooka_fire",
                                        "reload_sound": "gbg:laser_cannon_reload",
                                        "idle_model": "gbg:gun/standard/bazooka",
                                        "zoom_model": "gbg:gun/standard/bazooka_zoom"
                                    }
                                },
                                "minecraft:enchantments": {
                                    "show_in_tooltip": false,
                                    "levels": {
                                        "gbg:shoot_gun": 1
                                    }
                                },
                                "minecraft:enchantment_glint_override": false,
                                "minecraft:attribute_modifiers": {
                                    "modifiers": [
                                        {
                                            "id": "gbg:interaction_range_limiter",
                                            "type": "minecraft:block_interaction_range",
                                            "amount": -100,
                                            "operation": "add_value",
                                            "slot": "mainhand"
                                        },
                                        {
                                            "id": "gbg:interaction_range_limiter",
                                            "type": "minecraft:entity_interaction_range",
                                            "amount": -100,
                                            "operation": "add_value",
                                            "slot": "mainhand"
                                        }
                                    ],
                                    "show_in_tooltip": false
                                },
                                "minecraft:charged_projectiles": [
                                    {
                                        "id": "minecraft:dirt",
                                        "components": {
                                            "minecraft:item_name": "\"GBG Projectile\""
                                        }
                                    }
                                ]
                            }
                        }
                    ]
                }
            ]
        }
    ]
}