{
    "pools": [
      {
        "rolls": 1,
        "entries": [
          {
            "type": "minecraft:item",
            "name": "minecraft:crossbow",
            "functions": [
              {
                "function": "minecraft:set_components",
                "components": {
                  "minecraft:custom_name": "{\"text\":\"Flamethrower\",\"color\":\"white\",\"italic\":false}",
                  "minecraft:lore": [
                    "[{\"text\":\"Ammo: \",\"color\":\"gray\",\"italic\":false},{\"text\":\" 0/50\",\"color\":\"gold\",\"italic\":false}]",
                    "[{\"text\":\"Damage: \",\"color\":\"gray\",\"italic\":false},{\"text\":\" 2\",\"color\":\"red\",\"italic\":false}]",
                    "[{\"text\":\"Range: \",\"color\":\"gray\",\"italic\":false},{\"text\":\" 8\",\"color\":\"green\",\"italic\":false}]",
                    "[{\"text\":\"Rate of Fire: \",\"color\":\"gray\",\"italic\":false},{\"text\":\" 4 ticks\",\"color\":\"yellow\",\"italic\":false}]",
                    "[{\"text\":\"Ammunition: \",\"color\":\"gray\",\"italic\":false},{\"text\":\" gbg_flamethrower_canister\",\"color\":\"#0098ff\",\"italic\":false}]",
                    "[{\"text\":\"Reload Speed: \",\"color\":\"gray\",\"italic\":false},{\"text\":\" 25 ticks\",\"color\":\"#2dfcff\",\"italic\":false}]",
                    "[{\"text\":\"Recoil Strength: \",\"color\":\"gray\",\"italic\":false},{\"text\":\" 3/14\",\"color\":\"#bf46ff\",\"italic\":false}]",
                    "[{\"text\":\"Press \",\"color\":\"dark_gray\",\"italic\":true},{\"keybind\":\"key.swapOffhand\",\"color\":\"dark_red\",\"italic\":true},{\"text\":\" to reload\",\"color\":\"dark_gray\",\"italic\":true}]",
                    "[{\"keybind\":\"key.use\",\"color\":\"dark_red\",\"italic\":true},{\"text\":\" to shoot\",\"color\":\"dark_gray\",\"italic\":true}]"
                  ],
                  "minecraft:item_model": "gbg:gun/standard/flamethrower",
                  "minecraft:damage": 198,
                  "minecraft:max_damage": 200,
                  "minecraft:max_stack_size": 1,
                  "minecraft:custom_data": {
                    "gbg_is_gun": 1,
                    "gbg": {
                      "gun_version": 3,
                      "damage": 2,
                      "range": 8,
                      "fire_rate": 4,
                      "projectile_type": 7,
                      "projectile_speed": 1,
                      "damage_type": 6,
                      "zoom_strength": 1,
                      "disable_zoom_bobbing": true,
                      "recoil_strength": 3,
                      "zoom_recoil_strength": 0,
                      "max_ammo": 50,
                      "current_ammo": 0,
                      "reload_speed": 25,
                      "reload_type": 1,
                      "ammo_base": "command_block",
                      "ammo_item_tag": "gbg_flamethrower_canister",
                      "shoot_sound": "minecraft:entity.blaze.shoot",
                      "shoot_sound_pitch": 2,
                      "reload_sound": "gbg:flamethrower_reload",
                      "idle_model": "gbg:gun/standard/flamethrower",
                      "zoom_model": "gbg:gun/standard/flamethrower_zoom"
                    }
                  },
                  "minecraft:enchantments": {
                    "show_in_tooltip": false,
                    "levels": {
                      "gbg:shoot_gun": 1
                    }
                  },
                  "minecraft:enchantment_glint_override": false,
                  "minecraft:attribute_modifiers": {
                    "modifiers": [
                      {
                        "id": "gbg:interaction_range_limiter",
                        "type": "minecraft:block_interaction_range",
                        "amount": -100,
                        "operation": "add_value",
                        "slot": "mainhand"
                      },
                      {
                        "id": "gbg:interaction_range_limiter",
                        "type": "minecraft:entity_interaction_range",
                        "amount": -100,
                        "operation": "add_value",
                        "slot": "mainhand"
                      }
                    ],
                    "show_in_tooltip": false
                  },
                  "minecraft:charged_projectiles": [
                    {
                      "id": "minecraft:dirt",
                      "components": {
                        "minecraft:item_name": "\"GBG Projectile\""
                      }
                    }
                  ]
                }
              }
            ]
          }
        ]
      }
    ]
  }