{
    "type": "minecraft:crafting_shaped",
    "category": "equipment",
    "pattern": [
        "XGG",
        "BCG",
        "XII"
    ],
    "key": {
        "X": "minecraft:gold_ingot",
        "G": "minecraft:pink_concrete",
        "B": "minecraft:iron_bars",
        "C": "minecraft:end_crystal",
        "I": "minecraft:iron_ingot"
    },
    "result": {
        "id": "minecraft:crossbow",
        "count": 1,
        "components": {
            "minecraft:custom_name": "{\"text\":\"Ray Gun: Pink\",\"color\":\"light_purple\",\"italic\":false}",
            "minecraft:lore": [
                "[{\"text\":\"Ammo: \",\"color\":\"gray\",\"italic\":false},{\"text\":\" ∞\",\"color\":\"gold\",\"italic\":false}]",
                "[{\"text\":\"Damage: \",\"color\":\"gray\",\"italic\":false},{\"text\":\" 29\",\"color\":\"red\",\"italic\":false}]",
                "[{\"text\":\"Range: \",\"color\":\"gray\",\"italic\":false},{\"text\":\" 70\",\"color\":\"green\",\"italic\":false}]",
                "[{\"text\":\"Rate of Fire: \",\"color\":\"gray\",\"italic\":false},{\"text\":\" 25 ticks\",\"color\":\"yellow\",\"italic\":false}]",
                "[{\"text\":\"Recoil Strength: \",\"color\":\"gray\",\"italic\":false},{\"text\":\" 0/14\",\"color\":\"#bf46ff\",\"italic\":false}]",
                "[{\"keybind\":\"key.use\",\"color\":\"dark_red\",\"italic\":true},{\"text\":\" to shoot\",\"color\":\"dark_gray\",\"italic\":true}]"
            ],
            "minecraft:item_model": "gbg:gun/ray/ray_gun_pink",
            "minecraft:damage": 0,
            "minecraft:max_damage": 200,
            "minecraft:max_stack_size": 1,
            "minecraft:custom_data": {
                "gbg_is_gun": 1,
                "gbg": {
                    "gun_version": 3,
                    "damage": 2,
                    "range": 70,
                    "fire_rate": 25,
                    "projectile_type": 104,
                    "projectile_speed": 7,
                    "damage_type": 9,
                    "zoom_strength": 1,
                    "disable_zoom_bobbing": false,
                    "recoil_strength": 0,
                    "zoom_recoil_strength": 0,
                    "max_ammo": 0,
                    "current_ammo": 1,
                    "shoot_sound": "gbg:ray_gun_fire",
                    "idle_model": "gbg:gun/ray/ray_gun_pink",
                    "zoom_model": "gbg:gun/ray/ray_gun_pink_zoom"
                }
            },
            "minecraft:enchantments": {
                "show_in_tooltip": false,
                "levels": {
                    "gbg:shoot_gun": 1
                }
            },
            "minecraft:enchantment_glint_override": false,
            "minecraft:attribute_modifiers": {
                "modifiers": [
                    {
                        "id": "gbg:interaction_range_limiter",
                        "type": "minecraft:block_interaction_range",
                        "amount": -100,
                        "operation": "add_value",
                        "slot": "mainhand"
                    },
                    {
                        "id": "gbg:interaction_range_limiter",
                        "type": "minecraft:entity_interaction_range",
                        "amount": -100,
                        "operation": "add_value",
                        "slot": "mainhand"
                    }
                ],
                "show_in_tooltip": false
            },
            "minecraft:charged_projectiles": [
                {
                    "id": "minecraft:dirt",
                    "components": {
                        "minecraft:item_name": "\"GBG Projectile\""
                    }
                }
            ]
        }
    }
}