{
  "type": "minecraft:stonecutting",
  "ingredient": {
    "item": "minecraft:netherite_sword"
  },
  "result": {
    "id": "minecraft:armadillo_spawn_egg",
    "count": 1,
    "components": {
      "minecraft:custom_model_data": 1,
      "minecraft:item_name": "{\"text\": \"Netherite Sword Template\"}",
      "minecraft:max_stack_size": 1,
	  "minecraft:lore": [
        "{\"text\": \"Can't be used as a weapon.\",\"color\":\"gray\",\"italic\":false}"
      ],
      "minecraft:entity_data": {
        "id": "minecraft:item",
        "Item": {
  "id": "minecraft:netherite_sword"
}
      },
	"minecraft:rarity": "epic"
    }
  }
}
