{
  "display": {
    "icon": {
      "id": "minecraft:filled_map",
      "count": 1
    },
    "title": {
      "text": "Adventuring Time"
    },
    "description": {
      "text": "Explore the world, discover biomes!"
    },
    "frame": "challenge"
  },
  "parent": "minecraft:adventure/sleep_in_bed",
  "criteria": {
    "minecraft:pale_garden": {
      "trigger": "minecraft:location",
      "conditions": {
        "player": [
          {
            "condition": "minecraft:entity_properties",
            "entity": "this",
            "predicate": {
              "location": {
                "biomes": "minecraft:pale_garden"
              }
            }
          }
        ]
      }
    },
    "minecraft:badlands": {
      "trigger": "minecraft:location",
      "conditions": {
        "player": [
          {
            "condition": "minecraft:entity_properties",
            "entity": "this",
            "predicate": {
              "location": {
                "biomes": "#clifftree:dry_badlands"
              }
            }
          }
        ]
      }
    },
    "minecraft:bamboo_jungle": {
      "trigger": "minecraft:location",
      "conditions": {
        "player": [
          {
            "condition": "minecraft:entity_properties",
            "entity": "this",
            "predicate": {
              "location": {
                "biomes": "minecraft:bamboo_jungle"
              }
            }
          }
        ]
      }
    },
    "minecraft:beach": {
      "trigger": "minecraft:location",
      "conditions": {
        "player": [
          {
            "condition": "minecraft:entity_properties",
            "entity": "this",
            "predicate": {
              "location": {
                "biomes": "#minecraft:is_beach"
              }
            }
          }
        ]
      }
    },
    "minecraft:birch_forest": {
      "trigger": "minecraft:location",
      "conditions": {
        "player": [
          {
            "condition": "minecraft:entity_properties",
            "entity": "this",
            "predicate": {
              "location": {
                "biomes": "#clifftree:birch_forests"
              }
            }
          }
        ]
      }
    },
    "minecraft:cherry_grove": {
      "trigger": "minecraft:location",
      "conditions": {
        "player": [
          {
            "condition": "minecraft:entity_properties",
            "entity": "this",
            "predicate": {
              "location": {
                "biomes": "minecraft:cherry_grove"
              }
            }
          }
        ]
      }
    },
    "minecraft:cold_ocean": {
      "trigger": "minecraft:location",
      "conditions": {
        "player": [
          {
            "condition": "minecraft:entity_properties",
            "entity": "this",
            "predicate": {
              "location": {
                "biomes": "#clifftree:ocean_cold"
              }
            }
          }
        ]
      }
    },
    "minecraft:dark_forest": {
      "trigger": "minecraft:location",
      "conditions": {
        "player": [
          {
            "condition": "minecraft:entity_properties",
            "entity": "this",
            "predicate": {
              "location": {
                "biomes": "minecraft:dark_forest"
              }
            }
          }
        ]
      }
    },
    "minecraft:deep_dark": {
      "trigger": "minecraft:location",
      "conditions": {
        "player": [
          {
            "condition": "minecraft:entity_properties",
            "entity": "this",
            "predicate": {
              "location": {
                "biomes": "minecraft:deep_dark"
              }
            }
          }
        ]
      }
    },
    "minecraft:desert": {
      "trigger": "minecraft:location",
      "conditions": {
        "player": [
          {
            "condition": "minecraft:entity_properties",
            "entity": "this",
            "predicate": {
              "location": {
                "biomes": "minecraft:desert"
              }
            }
          }
        ]
      }
    },
    "minecraft:dripstone_caves": {
      "trigger": "minecraft:location",
      "conditions": {
        "player": [
          {
            "condition": "minecraft:entity_properties",
            "entity": "this",
            "predicate": {
              "location": {
                "biomes": "minecraft:dripstone_caves"
              }
            }
          }
        ]
      }
    },
    "minecraft:flower_forest": {
      "trigger": "minecraft:location",
      "conditions": {
        "player": [
          {
            "condition": "minecraft:entity_properties",
            "entity": "this",
            "predicate": {
              "location": {
                "biomes": "minecraft:flower_forest"
              }
            }
          }
        ]
      }
    },
    "minecraft:forest": {
      "trigger": "minecraft:location",
      "conditions": {
        "player": [
          {
            "condition": "minecraft:entity_properties",
            "entity": "this",
            "predicate": {
              "location": {
                "biomes": "minecraft:forest"
              }
            }
          }
        ]
      }
    },
    "minecraft:frozen_ocean": {
      "trigger": "minecraft:location",
      "conditions": {
        "player": [
          {
            "condition": "minecraft:entity_properties",
            "entity": "this",
            "predicate": {
              "location": {
                "biomes": "#clifftree:ocean_frozen"
              }
            }
          }
        ]
      }
    },
    "minecraft:frozen_peaks": {
      "trigger": "minecraft:location",
      "conditions": {
        "player": [
          {
            "condition": "minecraft:entity_properties",
            "entity": "this",
            "predicate": {
              "location": {
                "biomes": "minecraft:frozen_peaks"
              }
            }
          }
        ]
      }
    },
    "minecraft:grove": {
      "trigger": "minecraft:location",
      "conditions": {
        "player": [
          {
            "condition": "minecraft:entity_properties",
            "entity": "this",
            "predicate": {
              "location": {
                "biomes": "minecraft:grove"
              }
            }
          }
        ]
      }
    },
    "minecraft:ice_spikes": {
      "trigger": "minecraft:location",
      "conditions": {
        "player": [
          {
            "condition": "minecraft:entity_properties",
            "entity": "this",
            "predicate": {
              "location": {
                "biomes": "minecraft:ice_spikes"
              }
            }
          }
        ]
      }
    },
    "minecraft:jagged_peaks": {
      "trigger": "minecraft:location",
      "conditions": {
        "player": [
          {
            "condition": "minecraft:entity_properties",
            "entity": "this",
            "predicate": {
              "location": {
                "biomes": "minecraft:jagged_peaks"
              }
            }
          }
        ]
      }
    },
    "minecraft:jungle": {
      "trigger": "minecraft:location",
      "conditions": {
        "player": [
          {
            "condition": "minecraft:entity_properties",
            "entity": "this",
            "predicate": {
              "location": {
                "biomes": "minecraft:jungle"
              }
            }
          }
        ]
      }
    },
    "minecraft:lukewarm_ocean": {
      "trigger": "minecraft:location",
      "conditions": {
        "player": [
          {
            "condition": "minecraft:entity_properties",
            "entity": "this",
            "predicate": {
              "location": {
                "biomes": "#clifftree:ocean_lukewarm"
              }
            }
          }
        ]
      }
    },
    "minecraft:lush_caves": {
      "trigger": "minecraft:location",
      "conditions": {
        "player": [
          {
            "condition": "minecraft:entity_properties",
            "entity": "this",
            "predicate": {
              "location": {
                "biomes": "minecraft:lush_caves"
              }
            }
          }
        ]
      }
    },
    "minecraft:mangrove_swamp": {
      "trigger": "minecraft:location",
      "conditions": {
        "player": [
          {
            "condition": "minecraft:entity_properties",
            "entity": "this",
            "predicate": {
              "location": {
                "biomes": "minecraft:mangrove_swamp"
              }
            }
          }
        ]
      }
    },
    "minecraft:meadow": {
      "trigger": "minecraft:location",
      "conditions": {
        "player": [
          {
            "condition": "minecraft:entity_properties",
            "entity": "this",
            "predicate": {
              "location": {
                "biomes": "minecraft:meadow"
              }
            }
          }
        ]
      }
    },
    "minecraft:mushroom_fields": {
      "trigger": "minecraft:location",
      "conditions": {
        "player": [
          {
            "condition": "minecraft:entity_properties",
            "entity": "this",
            "predicate": {
              "location": {
                "biomes": "#clifftree:is_mushroom_island"
              }
            }
          }
        ]
      }
    },
    "minecraft:ocean": {
      "trigger": "minecraft:location",
      "conditions": {
        "player": [
          {
            "condition": "minecraft:entity_properties",
            "entity": "this",
            "predicate": {
              "location": {
                "biomes": "#clifftree:ocean"
              }
            }
          }
        ]
      }
    },
    "minecraft:old_growth_pine_taiga": {
      "trigger": "minecraft:location",
      "conditions": {
        "player": [
          {
            "condition": "minecraft:entity_properties",
            "entity": "this",
            "predicate": {
              "location": {
                "biomes": "#clifftree:old_growth_taigas"
              }
            }
          }
        ]
      }
    },
    "minecraft:plains": {
      "trigger": "minecraft:location",
      "conditions": {
        "player": [
          {
            "condition": "minecraft:entity_properties",
            "entity": "this",
            "predicate": {
              "location": {
                "biomes": "minecraft:plains"
              }
            }
          }
        ]
      }
    },
    "minecraft:river": {
      "trigger": "minecraft:location",
      "conditions": {
        "player": [
          {
            "condition": "minecraft:entity_properties",
            "entity": "this",
            "predicate": {
              "location": {
                "biomes": "#minecraft:is_river"
              }
            }
          }
        ]
      }
    },
    "minecraft:savanna": {
      "trigger": "minecraft:location",
      "conditions": {
        "player": [
          {
            "condition": "minecraft:entity_properties",
            "entity": "this",
            "predicate": {
              "location": {
                "biomes": "minecraft:savanna"
              }
            }
          }
        ]
      }
    },
    "minecraft:savanna_plateau": {
      "trigger": "minecraft:location",
      "conditions": {
        "player": [
          {
            "condition": "minecraft:entity_properties",
            "entity": "this",
            "predicate": {
              "location": {
                "biomes": "minecraft:savanna_plateau"
              }
            }
          }
        ]
      }
    },
    "minecraft:snowy_plains": {
      "trigger": "minecraft:location",
      "conditions": {
        "player": [
          {
            "condition": "minecraft:entity_properties",
            "entity": "this",
            "predicate": {
              "location": {
                "biomes": "minecraft:snowy_plains"
              }
            }
          }
        ]
      }
    },
    "minecraft:snowy_slopes": {
      "trigger": "minecraft:location",
      "conditions": {
        "player": [
          {
            "condition": "minecraft:entity_properties",
            "entity": "this",
            "predicate": {
              "location": {
                "biomes": "minecraft:snowy_slopes"
              }
            }
          }
        ]
      }
    },
    "minecraft:snowy_taiga": {
      "trigger": "minecraft:location",
      "conditions": {
        "player": [
          {
            "condition": "minecraft:entity_properties",
            "entity": "this",
            "predicate": {
              "location": {
                "biomes": "minecraft:snowy_taiga"
              }
            }
          }
        ]
      }
    },
    "minecraft:sparse_jungle": {
      "trigger": "minecraft:location",
      "conditions": {
        "player": [
          {
            "condition": "minecraft:entity_properties",
            "entity": "this",
            "predicate": {
              "location": {
                "biomes": "minecraft:sparse_jungle"
              }
            }
          }
        ]
      }
    },
    "minecraft:stony_peaks": {
      "trigger": "minecraft:location",
      "conditions": {
        "player": [
          {
            "condition": "minecraft:entity_properties",
            "entity": "this",
            "predicate": {
              "location": {
                "biomes": "minecraft:stony_peaks"
              }
            }
          }
        ]
      }
    },
    "minecraft:stony_shore": {
      "trigger": "minecraft:location",
      "conditions": {
        "player": [
          {
            "condition": "minecraft:entity_properties",
            "entity": "this",
            "predicate": {
              "location": {
                "biomes": "#clifftree:is_cliff"
              }
            }
          }
        ]
      }
    },
    "minecraft:sunflower_plains": {
      "trigger": "minecraft:location",
      "conditions": {
        "player": [
          {
            "condition": "minecraft:entity_properties",
            "entity": "this",
            "predicate": {
              "location": {
                "biomes": "minecraft:sunflower_plains"
              }
            }
          }
        ]
      }
    },
    "minecraft:swamp": {
      "trigger": "minecraft:location",
      "conditions": {
        "player": [
          {
            "condition": "minecraft:entity_properties",
            "entity": "this",
            "predicate": {
              "location": {
                "biomes": "minecraft:swamp"
              }
            }
          }
        ]
      }
    },
    "minecraft:taiga": {
      "trigger": "minecraft:location",
      "conditions": {
        "player": [
          {
            "condition": "minecraft:entity_properties",
            "entity": "this",
            "predicate": {
              "location": {
                "biomes": "minecraft:taiga"
              }
            }
          }
        ]
      }
    },
    "minecraft:warm_ocean": {
      "trigger": "minecraft:location",
      "conditions": {
        "player": [
          {
            "condition": "minecraft:entity_properties",
            "entity": "this",
            "predicate": {
              "location": {
                "biomes": "minecraft:warm_ocean"
              }
            }
          }
        ]
      }
    },
    "minecraft:windswept_forest": {
      "trigger": "minecraft:location",
      "conditions": {
        "player": [
          {
            "condition": "minecraft:entity_properties",
            "entity": "this",
            "predicate": {
              "location": {
                "biomes": "#minecraft:is_hill"
              }
            }
          }
        ]
      }
    },
    "minecraft:windswept_savanna": {
      "trigger": "minecraft:location",
      "conditions": {
        "player": [
          {
            "condition": "minecraft:entity_properties",
            "entity": "this",
            "predicate": {
              "location": {
                "biomes": "minecraft:windswept_savanna"
              }
            }
          }
        ]
      }
    },
    "minecraft:wooded_badlands": {
      "trigger": "minecraft:location",
      "conditions": {
        "player": [
          {
            "condition": "minecraft:entity_properties",
            "entity": "this",
            "predicate": {
              "location": {
                "biomes": "minecraft:wooded_badlands"
              }
            }
          }
        ]
      }
    },
    "clifftree:warm_caves": {
      "trigger": "minecraft:location",
      "conditions": {
        "player": [
          {
            "condition": "minecraft:entity_properties",
            "entity": "this",
            "predicate": {
              "location": {
                "biomes": "clifftree:warm_caves"
              }
            }
          }
        ]
      }
    },
    "clifftree:tundra": {
      "trigger": "minecraft:location",
      "conditions": {
        "player": [
          {
            "condition": "minecraft:entity_properties",
            "entity": "this",
            "predicate": {
              "location": {
                "biomes": "clifftree:tundra"
              }
            }
          }
        ]
      }
    },
    "clifftree:stone_ocean": {
      "trigger": "minecraft:location",
      "conditions": {
        "player": [
          {
            "condition": "minecraft:entity_properties",
            "entity": "this",
            "predicate": {
              "location": {
                "biomes": "clifftree:stone_ocean"
              }
            }
          }
        ]
      }
    },
    "clifftree:sparse_forest": {
      "trigger": "minecraft:location",
      "conditions": {
        "player": [
          {
            "condition": "minecraft:entity_properties",
            "entity": "this",
            "predicate": {
              "location": {
                "biomes": "clifftree:sparse_forest"
              }
            }
          }
        ]
      }
    },
    "clifftree:snowy_old_growth_taiga": {
      "trigger": "minecraft:location",
      "conditions": {
        "player": [
          {
            "condition": "minecraft:entity_properties",
            "entity": "this",
            "predicate": {
              "location": {
                "biomes": "clifftree:snowy_old_growth_taiga"
              }
            }
          }
        ]
      }
    },
    "clifftree:shrubland": {
      "trigger": "minecraft:location",
      "conditions": {
        "player": [
          {
            "condition": "minecraft:entity_properties",
            "entity": "this",
            "predicate": {
              "location": {
                "biomes": "clifftree:shrubland"
              }
            }
          }
        ]
      }
    },
    "clifftree:oasis": {
      "trigger": "minecraft:location",
      "conditions": {
        "player": [
          {
            "condition": "minecraft:entity_properties",
            "entity": "this",
            "predicate": {
              "location": {
                "biomes": "clifftree:oasis"
              }
            }
          }
        ]
      }
    },
    "clifftree:inferno": {
      "trigger": "minecraft:location",
      "conditions": {
        "player": [
          {
            "condition": "minecraft:entity_properties",
            "entity": "this",
            "predicate": {
              "location": {
                "biomes": "clifftree:inferno"
              }
            }
          }
        ]
      }
    },
    "clifftree:glacier_valley": {
      "trigger": "minecraft:location",
      "conditions": {
        "player": [
          {
            "condition": "minecraft:entity_properties",
            "entity": "this",
            "predicate": {
              "location": {
                "biomes": "clifftree:glacier_valley"
              }
            }
          }
        ]
      }
    },
    "clifftree:frozen_caves": {
      "trigger": "minecraft:location",
      "conditions": {
        "player": [
          {
            "condition": "minecraft:entity_properties",
            "entity": "this",
            "predicate": {
              "location": {
                "biomes": "clifftree:frozen_caves"
              }
            }
          }
        ]
      }
    },
    "clifftree:caves": {
      "trigger": "minecraft:location",
      "conditions": {
        "player": [
          {
            "condition": "minecraft:entity_properties",
            "entity": "this",
            "predicate": {
              "location": {
                "biomes": "#clifftree:generic_caves"
              }
            }
          }
        ]
      }
    },
    "clifftree:bog": {
      "trigger": "minecraft:location",
      "conditions": {
        "player": [
          {
            "condition": "minecraft:entity_properties",
            "entity": "this",
            "predicate": {
              "location": {
                "biomes": "clifftree:bog"
              }
            }
          }
        ]
      }
    }
  },
  "rewards": {
    "experience": 500
  },
  "sends_telemetry_event": true
}
