{
    "parent": "dlljs_smithing:use_smithing_template/root",
    "criteria": {
      "smith_raiser_armor_trim": {
        "trigger": "minecraft:recipe_crafted",
        "conditions": {
          "recipe_id": "minecraft:raiser_armor_trim_smithing_template_smithing_trim"
        }
      }
    },
    "requirements": [
      [
        "smith_raiser_armor_trim"
      ]
    ],
    "rewards": {
      "function": "dlljs_smithing:give_back_smithing_template/armor_trim/raiser"
    }
  }
  