{
    "type": "minecraft:crafting_shapeless",
    "ingredients": [
        "minecraft:glass_bottle",
        "minecraft:fire_charge",
        "minecraft:white_wool"
    ],
    "result": {
        "id": "minecraft:black_dye",
        "count": 2,
        "components": {
            "minecraft:item_name": "{\"text\":\"Molotov Cocktail\",\"italic\":false}",
            "minecraft:lore": [
                "[{\"text\":\"Damage: \",\"color\":\"gray\",\"italic\":false},{\"text\":\"2\",\"color\":\"red\",\"italic\":false,\"underlined\":false}]"
            ],
            "item_model": "gbg:throwables/molotov_cocktail",
            "minecraft:custom_data": {
                "gbg_throwable": 1,
                "molotov_cocktail": 1
            },
            "minecraft:max_stack_size": 16,
            "minecraft:food": {
                "nutrition": 0,
                "saturation": 0,
                "can_always_eat": true
            },
            "minecraft:consumable": {
                "consume_seconds": 1000000,
                "animation": "crossbow",
                "has_consume_particles": false
            }
        }
    }
}