{
    "type": "minecraft:crafting_shapeless",
    "category": "equipment",
    "ingredients": [
        "minecraft:copper_ingot",
        "minecraft:copper_ingot",
        "minecraft:copper_ingot",
        "minecraft:redstone",
        "minecraft:redstone_block",
        "minecraft:redstone",
        "minecraft:iron_ingot",
        "minecraft:iron_ingot",
        "minecraft:iron_ingot"
    ],
    "result": {
        "id": "minecraft:command_block",
        "count": 3,
        "components": {
            "minecraft:item_name": "{\"text\":\"9V Laser Battery\",\"italic\":false,\"color\":\"red\"}",
            "minecraft:lore": [
                "[{\"text\":\"Used in the \",\"color\":\"gray\"},{\"text\":\"Laser Pistol\",\"color\":\"red\"}]"
            ],
            "item_model": "gbg:ammo/laser/9v_laser_battery",
            "minecraft:custom_data": {
                "gbg_9v_laser_battery": 1
            }
        }
    }
}