{
  "pools": [
    {
      "rolls": 1,
      "entries": [
        {
          "type": "minecraft:item",
          "name": "minecraft:black_dye",
          "functions": [
            {
              "function": "minecraft:set_components",
              "components": {
                "minecraft:item_name": "{\"text\":\"Chemical Grenade\",\"italic\":false}",
                "minecraft:lore": [
                  "[{\"text\":\"Damage: \",\"color\":\"gray\",\"italic\":false},{\"text\":\"0\",\"color\":\"red\",\"italic\":false,\"underlined\":false}]",
                  "[{\"text\":\"Effects: \",\"color\":\"gray\",\"italic\":false},{\"text\":\"Wither, Slowness, Weakness, & Mining Fatigue\",\"color\":\"dark_aqua\",\"italic\":false}]"
                ],
                "item_model": "gbg:throwables/chemical_grenade",
                "minecraft:custom_data": {
                  "gbg_throwable": 1,
                  "chemical_grenade": 1
                },
                "minecraft:max_stack_size": 16,
                "minecraft:food": {
                  "nutrition": 0,
                  "saturation": 0,
                  "can_always_eat": true
                },
                "minecraft:consumable": {
                  "consume_seconds": 1000000,
                  "animation": "crossbow",
                  "has_consume_particles": false
                }
              }
            }
          ]
        }
      ]
    }
  ]
}