{
    "pools": [
        {
            "rolls": 1,
            "entries": [
                {
                    "type": "minecraft:item",
                    "name": "minecraft:black_dye",
                    "functions": [
                        {
                            "function": "minecraft:set_components",
                            "components": {
                                "minecraft:item_name": "{\"text\":\"Grenade\",\"italic\":false}",
                                "minecraft:lore": [
                                    "[{\"text\":\"Damage: \",\"color\":\"gray\",\"italic\":false},{\"text\":\"49\",\"color\":\"red\",\"italic\":false,\"underlined\":false}]"
                                ],
                                "item_model": "gbg:throwables/grenade",
                                "minecraft:custom_data": {
                                    "gbg_throwable": 1,
                                    "grenade": 1
                                },
                                "minecraft:max_stack_size": 16,
                                "minecraft:food": {
                                    "nutrition": 0,
                                    "saturation": 0,
                                    "can_always_eat": true
                                },
                                "minecraft:consumable": {
                                    "consume_seconds": 1000000,
                                    "animation": "crossbow",
                                    "has_consume_particles": false
                                }
                            }
                        }
                    ]
                }
            ]
        }
    ]
}