{
	"display": {
		"icon": {
			"id": "minecraft:silence_armor_trim_smithing_template",
			"components": {
				"minecraft:custom_model_data": {
					"strings": [
						"fool_armor_trim_smithing_template"
					]
				}
			}
		},
		"title": {"translate":"Advanced Smithing"},
		"description": {"color":"green","translate":"Apply one of the new templates to your armor"},
		"announce_to_chat": true
	},
	"parent": "tatevancements:extratrims",
	"criteria": {
		"crafted_bone": {
			"trigger": "minecraft:recipe_crafted",
			"conditions": {
				"recipe_id": "extratrims:bone"
			}
		},
		"crafted_cage": {
			"trigger": "minecraft:recipe_crafted",
			"conditions": {
				"recipe_id": "extratrims:cage"
			}
		},
		"crafted_champion": {
			"trigger": "minecraft:recipe_crafted",
			"conditions": {
				"recipe_id": "extratrims:champion"
			}
		},
		"crafted_creep": {
			"trigger": "minecraft:recipe_crafted",
			"conditions": {
				"recipe_id": "extratrims:creep"
			}
		},
		"crafted_crystal": {
			"trigger": "minecraft:recipe_crafted",
			"conditions": {
				"recipe_id": "extratrims:crystal"
			}
		},
		"crafted_dragon": {
			"trigger": "minecraft:recipe_crafted",
			"conditions": {
				"recipe_id": "extratrims:dragon"
			}
		},
		"crafted_flood": {
			"trigger": "minecraft:recipe_crafted",
			"conditions": {
				"recipe_id": "extratrims:flood"
			}
		},
		"crafted_fool": {
			"trigger": "minecraft:recipe_crafted",
			"conditions": {
				"recipe_id": "extratrims:fool"
			}
		},
		"crafted_freeze": {
			"trigger": "minecraft:recipe_crafted",
			"conditions": {
				"recipe_id": "extratrims:freeze"
			}
		},
		"crafted_gateway": {
			"trigger": "minecraft:recipe_crafted",
			"conditions": {
				"recipe_id": "extratrims:gateway"
			}
		},
		"crafted_miner": {
			"trigger": "minecraft:recipe_crafted",
			"conditions": {
				"recipe_id": "extratrims:miner"
			}
		},
		"crafted_oasis": {
			"trigger": "minecraft:recipe_crafted",
			"conditions": {
				"recipe_id": "extratrims:oasis"
			}
		},
		"crafted_plunder": {
			"trigger": "minecraft:recipe_crafted",
			"conditions": {
				"recipe_id": "extratrims:plunder"
			}
		},
		"crafted_shell": {
			"trigger": "minecraft:recipe_crafted",
			"conditions": {
				"recipe_id": "extratrims:shell"
			}
		},
		"crafted_triumvirate": {
			"trigger": "minecraft:recipe_crafted",
			"conditions": {
				"recipe_id": "extratrims:triumvirate"
			}
		},
		"crafted_wanderer": {
			"trigger": "minecraft:recipe_crafted",
			"conditions": {
				"recipe_id": "extratrims:wanderer"
			}
		},
		"crafted_wart": {
			"trigger": "minecraft:recipe_crafted",
			"conditions": {
				"recipe_id": "extratrims:wart"
			}
		},
		"crafted_worker": {
			"trigger": "minecraft:recipe_crafted",
			"conditions": {
				"recipe_id": "extratrims:worker"
			}
		}
	},
	"requirements": [
		[
			"crafted_bone",
			"crafted_cage",
			"crafted_champion",
			"crafted_creep",
			"crafted_crystal",
			"crafted_dragon",
			"crafted_flood",
			"crafted_fool",
			"crafted_freeze",
			"crafted_gateway",
			"crafted_miner",
			"crafted_oasis",
			"crafted_plunder",
			"crafted_shell",
			"crafted_triumvirate",
			"crafted_wanderer",
			"crafted_wart",
			"crafted_worker"
		]
	]
}