{
	"display": {
		"icon": {
			"id": "minecraft:silence_armor_trim_smithing_template",
			"components": {
				"minecraft:custom_model_data": {
					"strings": [
						"dragon_armor_trim_smithing_template"
					]
				}
			}
		},
		"title": {"translate":"Master Smither!"},
		"description": {"color":"dark_purple","translate":"Apply all templates to your armor"},
		"announce_to_chat": true,
		"frame": "challenge"
	},
	"parent": "tatevancements:obtain_all_smithing_templates",
	"rewards": {
		"experience": 100
	},
	"criteria": {
		"crafted_sentry": {
			"trigger": "minecraft:recipe_crafted",
			"conditions": {
				"recipe_id": "minecraft:sentry_armor_trim_smithing_template_smithing_trim"
			}
		},
		"crafted_vex": {
			"trigger": "minecraft:recipe_crafted",
			"conditions": {
				"recipe_id": "minecraft:vex_armor_trim_smithing_template_smithing_trim"
			}
		},
		"crafted_wild": {
			"trigger": "minecraft:recipe_crafted",
			"conditions": {
				"recipe_id": "minecraft:wild_armor_trim_smithing_template_smithing_trim"
			}
		},
		"crafted_coast": {
			"trigger": "minecraft:recipe_crafted",
			"conditions": {
				"recipe_id": "minecraft:coast_armor_trim_smithing_template_smithing_trim"
			}
		},
		"crafted_dune": {
			"trigger": "minecraft:recipe_crafted",
			"conditions": {
				"recipe_id": "minecraft:dune_armor_trim_smithing_template_smithing_trim"
			}
		},
		"crafted_wayfinder": {
			"trigger": "minecraft:recipe_crafted",
			"conditions": {
				"recipe_id": "minecraft:wayfinder_armor_trim_smithing_template_smithing_trim"
			}
		},
		"crafted_raiser": {
			"trigger": "minecraft:recipe_crafted",
			"conditions": {
				"recipe_id": "minecraft:raiser_armor_trim_smithing_template_smithing_trim"
			}
		},
		"crafted_shaper": {
			"trigger": "minecraft:recipe_crafted",
			"conditions": {
				"recipe_id": "minecraft:shaper_armor_trim_smithing_template_smithing_trim"
			}
		},
		"crafted_host": {
			"trigger": "minecraft:recipe_crafted",
			"conditions": {
				"recipe_id": "minecraft:host_armor_trim_smithing_template_smithing_trim"
			}
		},
		"crafted_ward": {
			"trigger": "minecraft:recipe_crafted",
			"conditions": {
				"recipe_id": "minecraft:ward_armor_trim_smithing_template_smithing_trim"
			}
		},
		"crafted_silence": {
			"trigger": "minecraft:recipe_crafted",
			"conditions": {
				"recipe_id": "minecraft:silence_armor_trim_smithing_template_smithing_trim"
			}
		},
		"crafted_tide": {
			"trigger": "minecraft:recipe_crafted",
			"conditions": {
				"recipe_id": "minecraft:tide_armor_trim_smithing_template_smithing_trim"
			}
		},
		"crafted_snout": {
			"trigger": "minecraft:recipe_crafted",
			"conditions": {
				"recipe_id": "minecraft:snout_armor_trim_smithing_template_smithing_trim"
			}
		},
		"crafted_rib": {
			"trigger": "minecraft:recipe_crafted",
			"conditions": {
				"recipe_id": "minecraft:rib_armor_trim_smithing_template_smithing_trim"
			}
		},
		"crafted_eye": {
			"trigger": "minecraft:recipe_crafted",
			"conditions": {
				"recipe_id": "minecraft:eye_armor_trim_smithing_template_smithing_trim"
			}
		},
		"crafted_spire": {
			"trigger": "minecraft:recipe_crafted",
			"conditions": {
				"recipe_id": "minecraft:spire_armor_trim_smithing_template_smithing_trim"
			}
		},
		"crafted_flow": {
			"trigger": "minecraft:recipe_crafted",
			"conditions": {
				"recipe_id": "minecraft:flow_armor_trim_smithing_template_smithing_trim"
			}
		},
		"crafted_bolt": {
			"trigger": "minecraft:recipe_crafted",
			"conditions": {
				"recipe_id": "minecraft:bolt_armor_trim_smithing_template_smithing_trim"
			}
		},
		"crafted_bone": {
			"trigger": "minecraft:recipe_crafted",
			"conditions": {
				"recipe_id": "extratrims:bone"
			}
		},
		"crafted_cage": {
			"trigger": "minecraft:recipe_crafted",
			"conditions": {
				"recipe_id": "extratrims:cage"
			}
		},
		"crafted_champion": {
			"trigger": "minecraft:recipe_crafted",
			"conditions": {
				"recipe_id": "extratrims:champion"
			}
		},
		"crafted_creep": {
			"trigger": "minecraft:recipe_crafted",
			"conditions": {
				"recipe_id": "extratrims:creep"
			}
		},
		"crafted_crystal": {
			"trigger": "minecraft:recipe_crafted",
			"conditions": {
				"recipe_id": "extratrims:crystal"
			}
		},
		"crafted_dragon": {
			"trigger": "minecraft:recipe_crafted",
			"conditions": {
				"recipe_id": "extratrims:dragon"
			}
		},
		"crafted_flood": {
			"trigger": "minecraft:recipe_crafted",
			"conditions": {
				"recipe_id": "extratrims:flood"
			}
		},
		"crafted_fool": {
			"trigger": "minecraft:recipe_crafted",
			"conditions": {
				"recipe_id": "extratrims:fool"
			}
		},
		"crafted_freeze": {
			"trigger": "minecraft:recipe_crafted",
			"conditions": {
				"recipe_id": "extratrims:freeze"
			}
		},
		"crafted_gateway": {
			"trigger": "minecraft:recipe_crafted",
			"conditions": {
				"recipe_id": "extratrims:gateway"
			}
		},
		"crafted_miner": {
			"trigger": "minecraft:recipe_crafted",
			"conditions": {
				"recipe_id": "extratrims:miner"
			}
		},
		"crafted_oasis": {
			"trigger": "minecraft:recipe_crafted",
			"conditions": {
				"recipe_id": "extratrims:oasis"
			}
		},
		"crafted_plunder": {
			"trigger": "minecraft:recipe_crafted",
			"conditions": {
				"recipe_id": "extratrims:plunder"
			}
		},
		"crafted_shell": {
			"trigger": "minecraft:recipe_crafted",
			"conditions": {
				"recipe_id": "extratrims:shell"
			}
		},
		"crafted_triumvirate": {
			"trigger": "minecraft:recipe_crafted",
			"conditions": {
				"recipe_id": "extratrims:triumvirate"
			}
		},
		"crafted_wanderer": {
			"trigger": "minecraft:recipe_crafted",
			"conditions": {
				"recipe_id": "extratrims:wanderer"
			}
		},
		"crafted_wart": {
			"trigger": "minecraft:recipe_crafted",
			"conditions": {
				"recipe_id": "extratrims:wart"
			}
		},
		"crafted_worker": {
			"trigger": "minecraft:recipe_crafted",
			"conditions": {
				"recipe_id": "extratrims:worker"
			}
		}
	}
}