{
	"display": {
		"icon": {
			"id": "minecraft:silence_armor_trim_smithing_template",
			"components": {
				"minecraft:custom_model_data": {
					"strings": [
						"triumvirate_armor_trim_smithing_template"
					]
				}
			}
		},
		"title": {"translate":"Look, I'm Like You!"},
		"description": {"color":"dark_purple","translate":"For all Trims that are tied to a Mob, apply it to your Armor next to them"},
		"announce_to_chat": true,
		"frame": "challenge"
	},
	"parent": "tatevancements:obtain_all_smithing_templates",
	"rewards": {
		"experience": 150
	},
	"criteria": {
		"sentry": {
			"trigger": "minecraft:impossible"
		},
		"vex": {
			"trigger": "minecraft:impossible"
		},
		"flow": {
			"trigger": "minecraft:impossible"
		},
		"ward": {
			"trigger": "minecraft:impossible"
		},
		"silence": {
			"trigger": "minecraft:impossible"
		},
		"tide": {
			"trigger": "minecraft:impossible"
		},
		"rib": {
			"trigger": "minecraft:impossible"
		},
		"snout": {
			"trigger": "minecraft:impossible"
		},
		"eye": {
			"trigger": "minecraft:impossible"
		},
		"spire": {
			"trigger": "minecraft:impossible"
		},
		"worker": {
			"trigger": "minecraft:impossible"
		},
		"wanderer": {
			"trigger": "minecraft:impossible"
		},
		"champion": {
			"trigger": "minecraft:impossible"
		},
		"shell": {
			"trigger": "minecraft:impossible"
		},
		"freeze": {
			"trigger": "minecraft:impossible"
		},
		"bone": {
			"trigger": "minecraft:impossible"
		},
		"creep": {
			"trigger": "minecraft:impossible"
		},
		"flood": {
			"trigger": "minecraft:impossible"
		},
		"miner": {
			"trigger": "minecraft:impossible"
		},
		"cage": {
			"trigger": "minecraft:impossible"
		},
		"wart": {
			"trigger": "minecraft:impossible"
		},
		"triumvirate": {
			"trigger": "minecraft:impossible"
		},
		"dragon": {
			"trigger": "minecraft:impossible"
		}
	}
}