{
	"display": {
		"icon": {
			"id": "minecraft:silence_armor_trim_smithing_template",
			"components": {
				"minecraft:custom_model_data": {
					"strings": [
						"gateway_armor_trim_smithing_template"
					]
				}
			}
		},
		"title": {"translate":"TaTe's Extra Trims"},
		"description": {"color":"aqua","translate":"New Trims!"},
		"show_toast": false,
		"announce_to_chat": false,
		"frame": "challenge"
	},
	"parent": "tatevancements:root",
	"criteria": {
		"in_overworld": {
			"trigger": "minecraft:location",
			"conditions": {
				"dimension": "minecraft:overworld"
			}
		},
		"in_nether": {
			"trigger": "minecraft:location",
			"conditions": {
				"dimension": "minecraft:the_nether"
			}
		},
		"in_end": {
			"trigger": "minecraft:location",
			"conditions": {
				"dimension": "minecraft:the_end"
			}
		}
	},
	"requirements": [
		[
			"in_overworld",
			"in_nether",
			"in_end"
		]
	]
}