{
	"display": {
		"icon": {
			"id": "minecraft:spire_armor_trim_smithing_template"
		},
		"title": {"translate":"All Around the World"},
		"description": {"color":"green","translate":"Collect All (Vanilla) Smithing Templates"},
		"announce_to_chat": true,
		"frame": "goal"
	},
	"parent": "tatevancements:apply_first_new_trim",
	"criteria": {
		"has_sentry": {
			"trigger": "minecraft:inventory_changed",
			"conditions": {
				"items": [
					{
						"items": [
							"minecraft:sentry_armor_trim_smithing_template"
						]
					}
				]
			}
		},
		"has_vex": {
			"trigger": "minecraft:inventory_changed",
			"conditions": {
				"items": [
					{
						"items": [
							"minecraft:vex_armor_trim_smithing_template"
						]
					}
				]
			}
		},
		"has_wild": {
			"trigger": "minecraft:inventory_changed",
			"conditions": {
				"items": [
					{
						"items": [
							"minecraft:wild_armor_trim_smithing_template"
						]
					}
				]
			}
		},
		"has_coast": {
			"trigger": "minecraft:inventory_changed",
			"conditions": {
				"items": [
					{
						"items": [
							"minecraft:coast_armor_trim_smithing_template"
						]
					}
				]
			}
		},
		"has_dune": {
			"trigger": "minecraft:inventory_changed",
			"conditions": {
				"items": [
					{
						"items": [
							"minecraft:dune_armor_trim_smithing_template"
						]
					}
				]
			}
		},
		"has_wayfinder": {
			"trigger": "minecraft:inventory_changed",
			"conditions": {
				"items": [
					{
						"items": [
							"minecraft:wayfinder_armor_trim_smithing_template"
						]
					}
				]
			}
		},
		"has_raiser": {
			"trigger": "minecraft:inventory_changed",
			"conditions": {
				"items": [
					{
						"items": [
							"minecraft:raiser_armor_trim_smithing_template"
						]
					}
				]
			}
		},
		"has_shaper": {
			"trigger": "minecraft:inventory_changed",
			"conditions": {
				"items": [
					{
						"items": [
							"minecraft:shaper_armor_trim_smithing_template"
						]
					}
				]
			}
		},
		"has_host": {
			"trigger": "minecraft:inventory_changed",
			"conditions": {
				"items": [
					{
						"items": [
							"minecraft:host_armor_trim_smithing_template"
						]
					}
				]
			}
		},
		"has_ward": {
			"trigger": "minecraft:inventory_changed",
			"conditions": {
				"items": [
					{
						"items": [
							"minecraft:ward_armor_trim_smithing_template"
						]
					}
				]
			}
		},
		"has_silence": {
			"trigger": "minecraft:inventory_changed",
			"conditions": {
				"items": [
					{
						"items": [
							"minecraft:silence_armor_trim_smithing_template"
						]
					}
				]
			}
		},
		"has_tide": {
			"trigger": "minecraft:inventory_changed",
			"conditions": {
				"items": [
					{
						"items": [
							"minecraft:tide_armor_trim_smithing_template"
						]
					}
				]
			}
		},
		"has_snout": {
			"trigger": "minecraft:inventory_changed",
			"conditions": {
				"items": [
					{
						"items": [
							"minecraft:snout_armor_trim_smithing_template"
						]
					}
				]
			}
		},
		"has_rib": {
			"trigger": "minecraft:inventory_changed",
			"conditions": {
				"items": [
					{
						"items": [
							"minecraft:rib_armor_trim_smithing_template"
						]
					}
				]
			}
		},
		"has_eye": {
			"trigger": "minecraft:inventory_changed",
			"conditions": {
				"items": [
					{
						"items": [
							"minecraft:eye_armor_trim_smithing_template"
						]
					}
				]
			}
		},
		"has_spire": {
			"trigger": "minecraft:inventory_changed",
			"conditions": {
				"items": [
					{
						"items": [
							"minecraft:spire_armor_trim_smithing_template"
						]
					}
				]
			}
		},
		"has_flow": {
			"trigger": "minecraft:inventory_changed",
			"conditions": {
				"items": [
					{
						"items": [
							"minecraft:flow_armor_trim_smithing_template"
						]
					}
				]
			}
		},
		"has_bolt": {
			"trigger": "minecraft:inventory_changed",
			"conditions": {
				"items": [
					{
						"items": [
							"minecraft:bolt_armor_trim_smithing_template"
						]
					}
				]
			}
		}
	}
}