{
	"display": {
		"icon": {
			"id": "minecraft:player_head",
			"components": {
				"minecraft:profile": "AverageTaTeMan"
			}
		},
		"title": {"translate":"TaTevancements"},
		"description": {"color":"green","translate":"Advancements for Packs by AverageTaTeMan"},
		"background": "minecraft:textures/block/gilded_blackstone.png",
		"show_toast": false,
		"announce_to_chat": false,
		"frame": "goal"
	},
	"criteria": {
		"in_overworld": {
			"trigger": "minecraft:location",
			"conditions": {
				"dimension": "minecraft:overworld"
			}
		},
		"in_nether": {
			"trigger": "minecraft:location",
			"conditions": {
				"dimension": "minecraft:the_nether"
			}
		},
		"in_end": {
			"trigger": "minecraft:location",
			"conditions": {
				"dimension": "minecraft:the_end"
			}
		}
	},
	"requirements": [
		[
			"in_overworld",
			"in_nether",
			"in_end"
		]
	]
}