{
  "feature": {
    "type": "minecraft:random_boolean_selector",
    "config": {
      "feature_false": {
        "feature": "clifftree:fallen_log_spruce",
        "placement": []
      },
      "feature_true": {
        "feature": "clifftree:fallen_log_oak",
        "placement": []
      }
    }
  },
  "placement": [
    {
      "type": "minecraft:rarity_filter",
      "chance": 8
    },
    {
      "type": "minecraft:in_square"
    },
    {
      "type": "minecraft:heightmap",
      "heightmap": "MOTION_BLOCKING"
    },
    {
      "type": "minecraft:block_predicate_filter",
      "predicate": {
        "type": "minecraft:would_survive",
        "offset": [
          0,
          0,
          0
        ],
        "state": {
          "Name": "minecraft:short_grass"
        }
      }
    },
    {
      "type": "minecraft:biome"
    }
  ]
}
