{
  "feature": "clifftree:flower_cherry_snow",
  "placement": [
    {
      "type": "minecraft:count",
      "count": 50
    },
    {
      "type": "minecraft:in_square"
    },
    {
      "type": "minecraft:heightmap",
      "heightmap": "MOTION_BLOCKING_NO_LEAVES"
    },
    {
      "type": "minecraft:block_predicate_filter",
      "predicate": {
        "type": "minecraft:any_of",
        "predicates": [
          {
            "type": "minecraft:matching_blocks",
            "offset": [
              -1,
              0,
              0
            ],
            "blocks": "minecraft:cherry_log"
          },
          {
            "type": "minecraft:matching_blocks",
            "offset": [
              1,
              0,
              0
            ],
            "blocks": "minecraft:cherry_log"
          },
          {
            "type": "minecraft:matching_blocks",
            "offset": [
              0,
              0,
              -1
            ],
            "blocks": "minecraft:cherry_log"
          },
          {
            "type": "minecraft:matching_blocks",
            "offset": [
              0,
              0,
              1
            ],
            "blocks": "minecraft:cherry_log"
          }
        ]
      }
    }
  ]
}
