{
  "feature": "clifftree:grass_skylight",
  "placement": [
    {
      "type": "minecraft:count",
      "count": 4
    },
    {
      "type": "minecraft:in_square"
    },
    {
      "type": "minecraft:heightmap",
      "heightmap": "MOTION_BLOCKING"
    },
    {
      "type": "minecraft:block_predicate_filter",
      "predicate": {
        "type": "minecraft:matching_blocks",
        "offset": [
            0,
            -1,
            0
        ],
        "blocks": "#minecraft:dirt"
      }
    },
    {
      "type":"biome"
    }
  ]
}
