{
  "feature": "minecraft:huge_red_mushroom",
  "placement": [
    {
      "type": "minecraft:count",
      "count": {
        "type": "minecraft:weighted_list",
        "distribution": [
          {
            "data": 2,
            "weight": 1
          },
          {
            "data": 0,
            "weight": 3
          },
          {
            "data": 1,
            "weight": 3
          }
        ]
      }
    },
    {
      "type": "minecraft:in_square"
    },
    {
      "type": "minecraft:heightmap",
      "heightmap": "MOTION_BLOCKING"
    },
    {
      "type": "minecraft:block_predicate_filter",
      "predicate": {
        "type": "minecraft:matching_blocks",
        "blocks": [
          "minecraft:mycelium"
        ],
        "offset": [
          0,
          -1,
          0
        ]
      }
    },
    {
      "type": "minecraft:biome"
    }
  ]
}
