{
  "feature": "clifftree:ore_diamond_tuff",
  "placement": [
    {
      "type": "minecraft:count",
      "count": 20
    },
    {
      "type": "minecraft:count_on_every_layer",
      "count": 1
    },
    {
      "type": "minecraft:height_range",
      "height": {
        "type": "minecraft:uniform",
        "max_inclusive": {
          "absolute": 0
        },
        "min_inclusive": {
          "above_bottom": 0
        }
      }
    },
    {
      "type": "minecraft:biome"
    }
  ]
}