{
  "feature": "clifftree:patch_mushroom_mud",
  "placement": [
    {
      "type": "minecraft:in_square"
    },
    {
      "type": "minecraft:noise_threshold_count",
      "above_noise": 12,
      "below_noise": 8,
      "noise_level": -0.8
    },
    {
      "type": "minecraft:heightmap",
      "heightmap": "MOTION_BLOCKING"
    },
    {
      "type": "minecraft:block_predicate_filter",
      "predicate": {
        "type": "minecraft:matching_blocks",
        "blocks": [
          "minecraft:mud"
        ],
        "offset": [
          0,
          -1,
          0
        ]
      }
    },
    {
      "type": "minecraft:biome"
    }
  ]
}