{
  "feature": "clifftree:snow_patches",
  "placement": [
    {
      "type": "minecraft:count",
      "count": 128
    },
    {
      "type":"in_square"
    },
    {
      "type": "minecraft:heightmap",
      "heightmap": "MOTION_BLOCKING_NO_LEAVES"
    },
    {
      "type": "minecraft:block_predicate_filter",
      "predicate": {
        "type": "minecraft:matching_blocks",
        "offset": [
          0,
          -1,
          0
        ],
        "blocks": [
          "minecraft:snow_block",
          "minecraft:powder_snow",
          "minecraft:packed_ice"
        ]
      }
    }
  ]
}