{
  "feature": "clifftree:snow_river_ceiling",
  "placement": [
    {
			"type": "minecraft:count",
			"count": 125
		},
		{
			"type": "minecraft:in_square"
		},
    {
      "type": "minecraft:height_range",
      "height": {
        "type": "minecraft:uniform",
        "min_inclusive": {
          "above_bottom": 0
        },
        "max_inclusive": {
          "absolute": 256
        }
      }
    },
    {
      "type": "minecraft:environment_scan",
      "direction_of_search": "up",
      "max_steps": 12,
      "target_condition": {
        "type": "minecraft:solid"
      },
      "allowed_search_condition": {
        "type": "minecraft:matching_blocks",
        "blocks": ["minecraft:air","minecraft:water"]
      }
    },
    {
      "type": "minecraft:biome"
    }
  ]
}