{
  "feature": "clifftree:forest_rock",
  "placement": [
    {
      "type": "minecraft:noise_based_count",
      "noise_to_count_ratio": 1,
      "noise_factor": 1,
      "noise_offset": 0.22
    },
    {
      "type": "minecraft:rarity_filter",
      "chance": 2
    },
    {
      "type": "minecraft:in_square"
    },
    {
      "type": "minecraft:heightmap",
      "heightmap": "MOTION_BLOCKING"
    },
    {
      "type": "minecraft:block_predicate_filter",
      "predicate": {
        "type": "minecraft:would_survive",
        "offset": [
          0,
          0,
          0
        ],
        "state": {
          "Name": "minecraft:short_grass"
        }
      }
    },
    {
      "type": "minecraft:biome"
    }
  ]
}
