{
  "feature": "minecraft:trees_taiga",
  "placement": [
    {
      "type": "minecraft:noise_based_count",
      "noise_to_count_ratio": 8,
      "noise_factor": 150,
      "noise_offset": 0.5
    },
    {
      "type": "minecraft:in_square"
    },
    {
      "type": "minecraft:surface_water_depth_filter",
      "max_water_depth": 0
    },
    {
      "type": "minecraft:heightmap",
      "heightmap": "OCEAN_FLOOR"
    },
    {
      "type": "minecraft:biome"
    }
  ]
}