{
  "feature": "clifftree:trees_oak_and_birch",
  "placement": [
    {
      "type": "minecraft:noise_based_count",
      "noise_to_count_ratio": 4,
      "noise_factor": 100,
      "noise_offset": 0.35
    },
    {
      "type": "minecraft:in_square"
    },
    {
      "type": "minecraft:surface_water_depth_filter",
      "max_water_depth": 0
    },
    {
      "type": "minecraft:heightmap",
      "heightmap": "OCEAN_FLOOR"
    },
    {
      "type": "minecraft:biome"
    }
  ]
}
