{
  "feature": "clifftree:vine_column",
  "placement": [
    {
      "type": "minecraft:noise_based_count",
      "noise_to_count_ratio": 100,
      "noise_factor": 100,
      "noise_offset": 0.7
    },
    {
      "type": "minecraft:in_square"
    },
    {
      "type": "minecraft:height_range",
      "height": {
        "type": "minecraft:uniform",
        "min_inclusive": {
          "above_bottom": 0
        },
        "max_inclusive": {
          "absolute": 256
        }
      }
    },
    {
      "type": "minecraft:block_predicate_filter",
      "predicate": {
        "type": "minecraft:matching_blocks",
        "blocks": "minecraft:air"
      }
    },
    {
      "type": "minecraft:biome"
    }
  ]
}
