{
  "feature": "clifftree:warm_floor_desert",
  "placement": [
    {
      "type": "minecraft:noise_based_count",
      "noise_to_count_ratio": 100,
      "noise_factor": 1,
      "noise_offset": 0.2
    },
    {
      "type": "minecraft:in_square"
    },
    {
      "type": "minecraft:height_range",
      "height": {
        "type": "minecraft:uniform",
        "max_inclusive": {
          "absolute": 256
        },
        "min_inclusive": {
          "absolute": 0
        }
      }
    },
    {
      "type": "minecraft:environment_scan",
      "allowed_search_condition": {
        "type": "minecraft:matching_blocks",
        "blocks": "minecraft:air"
      },
      "direction_of_search": "down",
      "max_steps": 32,
      "target_condition": {
        "type": "minecraft:solid"
      }
    },
    {
      "type": "minecraft:biome"
    }
  ]
}