{
  "type": "minecraft:crafting_shaped",
  "category": "equipment",
  "pattern": [
    "cbc",
    "cac",
    "ccc"
  ],
  "key": {
    "a": "minecraft:lantern",
    "b": "minecraft:glass",
    "c": "minecraft:amethyst_shard"
  },
  "result": {
    "id": "minecraft:bat_spawn_egg",
    "components": {
      "minecraft:entity_data": {
        "id": "minecraft:block_display",
        "Tags": [
          "directed_lantern"
        ],
        "transformation": {
          "translation": [
            -0.5,
            0,
            -0.5
          ],
          "left_rotation": [
            0,
            0,
            0,
            1
          ],
          "right_rotation": [
            0,
            0,
            0,
            1
          ],
          "scale": [
            1,
            1,
            1
          ]
        },
        "block_state": {
          "Name": "minecraft:lantern"
        }
      },
      "minecraft:item_model": "minecraft:lantern",
      "minecraft:custom_name": "{\"text\":\"Directional Lantern\"}"
    }
  }
}