{
    "type": "minecraft:crafting_shapeless",
    "category": "equipment",
    "ingredients": [
        "minecraft:gunpowder",
        "minecraft:iron_ingot"
    ],
    "result": {
        "id": "minecraft:command_block",
        "count": 2,
        "components": {
            "minecraft:item_name": "{\"text\":\"Assault Rifle Magazine\",\"italic\":false,\"color\":\"white\"}",
            "minecraft:lore": [
                "[{\"text\":\"Used in the \",\"color\":\"gray\"},{\"text\":\"Assault Rifle\",\"color\":\"white\"}]"
            ],
            "item_model": "gbg:ammo/standard/assault_rifle_magazine",
            "minecraft:custom_data": {
                "gbg_assault_rifle_magazine": 1
            }
        }
    }
}