{
    "type": "minecraft:crafting_shapeless",
    "category": "equipment",
    "ingredients": [
        "minecraft:fire_charge",
        "minecraft:fire_charge",
        "minecraft:fire_charge",
        "minecraft:iron_ingot",
        "minecraft:iron_ingot"
    ],
    "result": {
        "id": "minecraft:command_block",
        "count": 1,
        "components": {
            "minecraft:item_name": "{\"text\":\"Flamethrower Canister\",\"italic\":false,\"color\":\"white\"}",
            "minecraft:lore": [
                "[{\"text\":\"Used in the \",\"color\":\"gray\"},{\"text\":\"Flamethrower\",\"color\":\"white\"}]"
            ],
            "item_model": "gbg:ammo/standard/flamethrower_canister",
            "minecraft:custom_data": {
                "gbg_flamethrower_canister": 1
            }
        }
    }
}