{
    "type": "minecraft:crafting_shapeless",
    "category": "equipment",
    "ingredients": [
        "minecraft:gunpowder",
        "minecraft:gunpowder",
        "minecraft:gunpowder",
        "minecraft:gunpowder",
        "minecraft:iron_ingot",
        "minecraft:iron_ingot",
        "minecraft:iron_nugget",
        "minecraft:iron_nugget"
    ],
    "result": {
        "id": "minecraft:command_block",
        "count": 1,
        "components": {
            "minecraft:item_name": "{\"text\":\"Minigun Canister\",\"italic\":false,\"color\":\"yellow\"}",
            "minecraft:lore": [
                "[{\"text\":\"Used in the \",\"color\":\"gray\"},{\"text\":\"Minigun\",\"color\":\"yellow\"}]"
            ],
            "item_model": "gbg:ammo/standard/minigun_canister",
            "minecraft:custom_data": {
                "gbg_minigun_canister": 1
            }
        }
    }
}