{
    "type": "minecraft:crafting_shapeless",
    "category": "equipment",
    "ingredients": [
        "minecraft:gunpowder",
        "minecraft:iron_nugget",
        "minecraft:iron_nugget",
        "minecraft:iron_nugget",
        "minecraft:iron_nugget",
        "minecraft:iron_nugget"
    ],
    "result": {
        "id": "minecraft:command_block",
        "count": 2,
        "components": {
            "minecraft:item_name": "{\"text\":\"Pistol Magazine\",\"italic\":false,\"color\":\"white\"}",
            "minecraft:lore": [
                "[{\"text\":\"Used in the \",\"color\":\"gray\"},{\"text\":\"Pistol\",\"color\":\"white\"}]"
            ],
            "item_model": "gbg:ammo/standard/pistol_magazine",
            "minecraft:custom_data": {
                "gbg_pistol_magazine": 1
            }
        }
    }
}