{
    "type": "minecraft:crafting_shapeless",
    "category": "equipment",
    "ingredients": [
        "minecraft:gunpowder",
        "minecraft:gunpowder",
        "minecraft:gunpowder",
        "minecraft:iron_ingot",
        "minecraft:iron_ingot",
        "minecraft:iron_ingot",
        "minecraft:iron_nugget",
        "minecraft:iron_nugget"
    ],
    "result": {
        "id": "minecraft:command_block",
        "count": 3,
        "components": {
            "minecraft:item_name": "{\"text\":\"Rocket\",\"italic\":false,\"color\":\"yellow\"}",
            "minecraft:lore": [
                "[{\"text\":\"Used in the \",\"color\":\"gray\"},{\"text\":\"Bazooka\",\"color\":\"yellow\"}]"
            ],
            "item_model": "gbg:ammo/standard/rocket",
            "minecraft:custom_data": {
                "gbg_rocket": 1
            }
        }
    }
}