{
    "type": "minecraft:crafting_shapeless",
    "category": "equipment",
    "ingredients": [
        "minecraft:gunpowder",
        "minecraft:iron_ingot",
        "minecraft:gold_ingot"
    ],
    "result": {
        "id": "minecraft:command_block",
        "count": 12,
        "components": {
            "minecraft:item_name": "{\"text\":\"Shotgun Shell\",\"italic\":false,\"color\":\"white\"}",
            "minecraft:lore": [
                "[{\"text\":\"Used in the \",\"color\":\"gray\"},{\"text\":\"Shotgun\",\"color\":\"white\"}]"
            ],
            "item_model": "gbg:ammo/standard/shotgun_shell",
            "minecraft:custom_data": {
                "gbg_shotgun_shell": 1
            }
        }
    }
}