[
    {
      "function": "minecraft:set_damage",
      "damage": {
        "type": "minecraft:storage",
        "storage": "gbg:stats",
        "path": "tag.new_durability"
      }
    },
    {
      "function": "minecraft:copy_custom_data",
      "source": {
        "type": "minecraft:storage",
        "source": "gbg:stats"
      },
      "ops": [
        {
          "source": "tag.current_ammo",
          "target": "gbg.current_ammo",
          "op": "replace"
        }
      ]
    },
    {
      "function": "minecraft:set_lore",
      "entity": "this",
      "lore": [],
      "mode": "replace_all"
    },
    {
      "function": "minecraft:set_lore",
      "entity": "this",
      "lore": [
        [
          {
            "text": "Ammo: ",
            "color": "gray",
            "italic": false
          },
          {
            "score": {
              "name": "gbg.current_ammo",
              "objective": "gbg.temp"
            },
            "color": "#77ffd8",
            "italic": false
          },
          {
            "text": "/",
            "color": "#77ffd8",
            "italic": false
          },
          {
            "score": {
              "name": "gbg.max_ammo",
              "objective": "gbg.temp"
            },
            "color": "#77ffd8",
            "italic": false
          }
        ]
      ],
      "mode": "append",
      "conditions": [
        {
          "condition": "minecraft:entity_properties",
          "entity": "this",
          "predicate": {}
        }
      ]
    },
    {
      "function": "minecraft:set_lore",
      "entity": "this",
      "lore": [
        [
          {
            "text": "Damage: ",
            "color": "gray",
            "italic": false
          },
          {
            "score": {
              "name": "gbg.damage",
              "objective": "gbg.temp"
            },
            "color": "#77fdff",
            "italic": false
          }
        ]
      ],
      "mode": "append"
    },
    {
      "function": "minecraft:set_lore",
      "entity": "this",
      "lore": [
        [
          {
            "text": "Range: ",
            "color": "gray",
            "italic": false
          },
          {
            "score": {
              "name": "gbg.range",
              "objective": "gbg.temp"
            },
            "color": "#77cbff",
            "italic": false
          }
        ]
      ],
      "mode": "append"
    },
    {
      "function": "minecraft:set_lore",
      "entity": "this",
      "lore": [
        [
          {
            "text": "Rate of Fire: ",
            "color": "gray",
            "italic": false
          },
          {
            "score": {
              "name": "gbg.fire_rate",
              "objective": "gbg.temp"
            },
            "color": "#7792ff",
            "italic": false
          },
          {
            "text": " ticks",
            "color": "#7792ff",
            "italic": false
          }
        ]
      ],
      "mode": "append"
    },
    {
      "function": "minecraft:set_lore",
      "entity": "this",
      "lore": [
        [
          {
            "text": "Ammunition: ",
            "color": "gray",
            "italic": false
          },
          {
            "nbt": "SelectedItem.components.minecraft:custom_data.gbg.ammo_item_tag",
            "entity": "@s",
            "color": "#9e77ff",
            "italic": false
          }
        ]
      ],
      "mode": "append"
    },
    {
      "function": "minecraft:set_lore",
      "entity": "this",
      "lore": [
        [
          {
            "text": "Reload Speed: ",
            "color": "gray",
            "italic": false
          },
          {
            "score": {
              "name": "gbg.reload_speed",
              "objective": "gbg.temp"
            },
            "color": "#d477ff",
            "italic": false
          },
          {
            "text": " ticks",
            "color": "#d477ff",
            "italic": false
          }
        ]
      ],
      "mode": "append"
    },
    {
      "function": "minecraft:set_lore",
      "entity": "this",
      "lore": [
        [
          {
            "text": "Recoil Strength: ",
            "color": "gray",
            "italic": false
          },
          {
            "score": {
              "name": "gbg.recoil_strength",
              "objective": "gbg.temp"
            },
            "color": "#ff77f5",
            "italic": false
          },
          {
            "text": "/14",
            "color": "#ff77f5",
            "italic": false
          }
        ]
      ],
      "mode": "append"
    }
  ]