{
    "type": "minecraft:crafting_shaped",
    "category": "redstone",
    "pattern": [
        "RII",
        "GIG",
        "IBI"
    ],
    "key": {
        "R": "minecraft:redstone",
        "G": "minecraft:gunpowder",
        "I": "minecraft:iron_ingot",
        "B": "minecraft:iron_block"
    },
    "result": {
        "id": "minecraft:item_frame",
        "count": 1,
        "components": {
            "minecraft:item_name": "{\"text\":\"Auto Turret\",\"color\":\"yellow\",\"italic\":false}",
            "minecraft:lore": [
                "[{\"text\":\"HP: \",\"color\":\"gray\",\"italic\":false},{\"text\":\"60\",\"color\":\"dark_red\",\"italic\":false}]",
                "[{\"text\":\"Armor: \",\"color\":\"gray\",\"italic\":false},{\"text\":\"8\",\"color\":\"dark_green\",\"italic\":false}]",
                "[{\"text\":\"Damage: \",\"color\":\"gray\",\"italic\":false},{\"text\":\"3\",\"color\":\"red\",\"italic\":false,\"underlined\":false}]",
                "[{\"text\":\"Range: \",\"color\":\"gray\",\"italic\":false},{\"text\":\"24\",\"color\":\"green\",\"italic\":false}]",
                "[{\"text\":\"Rate of Fire: \",\"color\":\"gray\",\"italic\":false},{\"text\":\"14 ticks\",\"color\":\"yellow\",\"italic\":false}]",
                "[{\"text\":\"Effects: \",\"color\":\"gray\",\"italic\":false},{\"text\":\"None\",\"color\":\"dark_aqua\",\"italic\":false}]"
            ],
            "item_model": "gbg:turret/auto/functional/full",
            "minecraft:max_stack_size": 4,
            "minecraft:entity_data": {
                "id": "minecraft:item_frame",
                "Tags": [
                    "auto_placer",
                    "placer"
                ],
                "Item": {
                    "count": 1,
                    "id": "minecraft:item_frame",
                    "components": {
                        "item_model": "gbg:turret/auto/functional/full"
                    }
                },
                "Fixed": true,
                "Invisible": true,
                "Silent": true,
                "Invulnerable": true
            }
        }
    }
}