{
  "type": "minecraft:vegetation_patch",
  "config": {
      "surface": "floor",
      "depth": {
        "type": "minecraft:uniform",
        "min_inclusive": 1,
        "max_inclusive": 2
      },
      "vertical_range": 12,
      "extra_bottom_block_chance": 0,
      "extra_edge_column_chance": 1,
      "vegetation_chance": 0,
      "xz_radius": {
        "type": "minecraft:uniform",
        "min_inclusive": 5,
        "max_inclusive": 10
      },
      "replaceable": "#clifftree:stone_and_andesite",
      "ground_state": {
          "type": "minecraft:simple_state_provider",
          "state": {
              "Name": "minecraft:granite"
          }
      },
      "vegetation_feature": {
          "feature": "minecraft:ore_granite",
          "placement": []
      }
  }
}
