{
  "type": "minecraft:vegetation_patch",
  "config": {
    "depth": 1,
    "extra_bottom_block_chance": 0.0,
    "extra_edge_column_chance": 0.3,
    "ground_state": {
      "type": "minecraft:weighted_state_provider",
      "entries": [
        {
          "data": {
            "Name": "deepslate",
            "Properties": {}
          },
          "weight": 3
        },
        {
          "data": {
            "Name": "deepslate_bricks",
            "Properties": {}
          },
          "weight": 1
        },
        {
          "data": {
            "Name": "cracked_deepslate_bricks",
            "Properties": {}
          },
          "weight": 3
        },
        {
          "data": {
            "Name": "cobbled_deepslate",
            "Properties": {}
          },
          "weight": 3
        }
      ]
    },
    "replaceable": "#minecraft:deepslate_ore_replaceables",
    "surface": "floor",
    "vegetation_chance": 0.3,
    "vegetation_feature": {
      "feature": "clifftree:deepdark_ruin",
      "placement": []
    },
    "vertical_range": 5,
    "xz_radius": {
      "type": "minecraft:uniform",
      "max_inclusive": 5,
      "min_inclusive": 2
    }
  }
}