{
  "type": "minecraft:disk",
  "config": {
    "state_provider": {
      "fallback": {
        "type": "minecraft:simple_state_provider",
        "state": {
          "Name": "minecraft:gravel"
        }
      },
      "rules": [
        {
          "if_true": {
            "type": "minecraft:all_of",
            "predicates": [
              
              {
                "type": "minecraft:matching_block_tag",
                "offset": [
                  0,
                  -1,
                  0
                ],
                "tag": "minecraft:replaceable"
              }
            ]
          },
          "then": {
            "type": "minecraft:simple_state_provider",
            "state": {
              "Name": "minecraft:stone"
            }
          }
        }
      ]
    },
    "target": {
      "type": "minecraft:matching_block_tag",
      "tag": "clifftree:shore_replaceable"
    },
    "radius": {
      "type": "minecraft:uniform",
      "min_inclusive": 5,
      "max_inclusive": 6
    },
    "half_height": 4
  }
}
