{
  "type": "minecraft:flower",
  "config": {
    "feature": {
      "feature": {
        "type": "minecraft:simple_block",
        "config": {
          "to_place": {
            "type": "minecraft:noise_provider",
            "noise": {
              "amplitudes": [
                1.0
              ],
              "firstOctave": 0
            },
            "scale": 0.01,
            "seed": 2345,
            "states": [
              {
                "Name": "minecraft:red_tulip"
              },
              {
                "Name": "minecraft:orange_tulip"
              },
              {
                "Name": "minecraft:pink_tulip"
              },
              {
                "Name": "minecraft:white_tulip"
              },{
                "Name": "minecraft:red_tulip"
              },
              {
                "Name": "minecraft:orange_tulip"
              },
              {
                "Name": "minecraft:pink_tulip"
              },
              {
                "Name": "minecraft:white_tulip"
              }
            ]
          }
        }
      },
      "placement": [
        {
          "type": "minecraft:block_predicate_filter",
          "predicate": {
            "type": "minecraft:matching_blocks",
            "blocks": "minecraft:air"
          }
        }
      ]
    },
    "tries": 48,
    "xz_spread": 6,
    "y_spread": 2
  }
}