{
	"type": "minecraft:random_patch",
	"config": {
		"tries": 64,
		"xz_spread": 7,
		"y_spread": 3,
		"feature": {
			"feature": {
				"type": "minecraft:simple_block",
				"config": {
					"to_place": {
						"type": "minecraft:weighted_state_provider",
						"entries": [
							{
								"weight": 5,
								"data": {
									"Name": "minecraft:moss_carpet"
								}
							},
							{
								"weight": 1,
								"data": {
									"Name": "minecraft:red_mushroom"
								}
							},
							{
								"weight": 1,
								"data": {
									"Name": "minecraft:brown_mushroom"
								}
							}
						]
					}
				}
			},
			"placement": [
				{
					"type": "minecraft:block_predicate_filter",
					"predicate": {
						"type": "minecraft:matching_blocks",
						"blocks": "minecraft:air"
					}
				},
				{
					"type": "minecraft:block_predicate_filter",
					"predicate": {
						"type": "minecraft:matching_block_tag",
						"offset": [
							0,
							-1,
							0
						],
						"tag": "minecraft:overworld_natural_logs"
					}
				}
			]
		}
	}
}
