{
  "type": "minecraft:disk",
  "config": {
    "half_height": 2,
    "radius": {
      "type": "minecraft:uniform",
        "max_inclusive": 4,
        "min_inclusive": 2
    },
    "state_provider": {
      "fallback": {
        "type": "minecraft:simple_state_provider",
        "state": {
          "Name": "minecraft:powder_snow"
        }
      },
      "rules": [

      ]
    },
    "target": {
      "type": "minecraft:matching_blocks",
      "blocks": "snow_block"
    }
  }
}