{
  "type": "minecraft:waterlogged_vegetation_patch",
  "config": {
    "surface": "floor",
    "depth": 3,
    "vertical_range": 5,
    "extra_bottom_block_chance": 0.8,
    "extra_edge_column_chance": 0.7,
    "vegetation_chance": 0.9,
    "xz_radius": {
      "type": "minecraft:uniform",
        "min_inclusive": 4,
        "max_inclusive": 6
    },
    "replaceable": "#clifftree:stone_and_deepslate",
    "ground_state": {
      "type": "minecraft:simple_state_provider",
      "state": {
        "Name": "minecraft:packed_ice"
      }
    },
    "vegetation_feature": {
      "feature": {
        "type": "minecraft:simple_block",
        "config": {
          "to_place": {
            "type": "minecraft:weighted_state_provider",
            "entries": [
              {
                "data": {
                  "Name": "minecraft:ice"
                },
                "weight": 4
              },
              {
                "data": {
                  "Name": "minecraft:blue_ice"
                },
                "weight": 1
              }
            ]
          }
        }
      },
      "placement": []
    }
  }
}
