{
  "type": "minecraft:spring_feature",
  "config": {
    "hole_count": 0,
    "requires_block_below": false,
    "rock_count": 5,
    "state": {
      "Name": "minecraft:lava",
      "Properties": {
        "falling": "true"
      }
    },
    "valid_blocks": [
      "minecraft:stone",
      "minecraft:granite",
      "minecraft:diorite",
      "minecraft:andesite",
      "minecraft:deepslate",
      "minecraft:tuff",
      "minecraft:calcite",
      "minecraft:dirt",
      "minecraft:cobbled_deepslate",
      "minecraft:cobblestone"
    ]
  }
}