{
    "type": "minecraft:disk",
    "config": {
      "state_provider": {
        "fallback": {
          "type": "minecraft:simple_state_provider",
          "state": {
            "Name": "minecraft:smooth_sandstone"
          }
        },
        "rules": [
          {
            "if_true": {
              "type": "minecraft:any_of",
              "predicates": [
                {
                  "type": "minecraft:matching_blocks",
                  "offset": [
                    0,
                    1,
                    0
                  ],
                  "blocks": "minecraft:air"
                }
              ]
            },
            "then": {
              "type": "minecraft:simple_state_provider",
              "state": {
                "Name": "minecraft:sand"
              }
            }
          },
          {
            "if_true": {
              "type": "minecraft:any_of",
              "predicates": [
                {
                  "type": "minecraft:matching_blocks",
                  "offset": [
                    0,
                    1,
                    0
                  ],
                  "blocks": "minecraft:sand"
                }
              ]
            },
            "then": {
              "type": "minecraft:simple_state_provider",
              "state": {
                "Name": "minecraft:sandstone"
              }
            }
          },
          {
            "if_true": {
              "type": "minecraft:any_of",
              "predicates": [
                {
                  "type": "minecraft:matching_blocks",
                  "offset": [
                    0,
                    1,
                    0
                  ],
                  "blocks": "minecraft:sandstone"
                }
              ]
            },
            "then": {
              "type": "minecraft:simple_state_provider",
              "state": {
                "Name": "minecraft:stone"
              }
            }
          }
        ]
      },
      "target": {
        "type": "minecraft:matching_block_tag",
        "tag": "clifftree:stone_level"
      },
      "radius": {
        "type": "minecraft:uniform",
          "min_inclusive": 8,
          "max_inclusive": 8
      },
      "half_height": 1
    }
  }
  