{
  "type": "minecraft:block_column",
  "config": {
    "direction": "up",
    "allowed_placement": {
      "type": "minecraft:matching_block_tag",
      "tag": "clifftree:stones_and_gray_terracotta"
    },
    "prioritize_tip": false,
    "layers": [
      {
        "height": 3,
        "provider": {
          "type": "minecraft:simple_state_provider",
          "state": {
            "Name": "minecraft:light_gray_terracotta"
          }
        }
      },
      {
        "height": 8,
        "provider": {
          "type": "minecraft:simple_state_provider",
          "state": {
            "Name": "minecraft:white_terracotta"
          }
        }
      }
    ]
  }
}
