{
  "type": "minecraft:blasting",
  "category": "misc",
  "cookingtime": 100,
  "experience": 0.1,
  "ingredient": [
    {
      "item": "minecraft:iron_pickaxe"
    },
    {
      "item": "minecraft:iron_shovel"
    },
    {
      "item": "minecraft:iron_axe"
    },
    {
      "item": "minecraft:iron_hoe"
    },
    {
      "item": "minecraft:iron_sword"
    },
    {
      "item": "minecraft:iron_helmet"
    },
    {
      "item": "minecraft:iron_chestplate"
    },
    {
      "item": "minecraft:iron_leggings"
    },
    {
      "item": "minecraft:iron_boots"
    },
    {
      "item": "minecraft:iron_horse_armor"
    },
    {
      "item": "minecraft:chainmail_helmet"
    },
    {
      "item": "minecraft:chainmail_chestplate"
    },
    {
      "item": "minecraft:chainmail_leggings"
    },
    {
      "item": "minecraft:chainmail_boots"
    },
	{
      "item": "minecraft:chain"
    },
	{
      "item": "minecraft:lantern"
    },
	{
      "item": "minecraft:soul_lantern"
    },
	{
      "item": "minecraft:activator_rail"
    },
	{
      "item": "minecraft:anvil"
    },
	{
      "item": "minecraft:chipped_anvil"
    },
	{
      "item": "minecraft:damaged_anvil"
    },
	{
      "item": "minecraft:bucket"
    },
	{
      "item": "minecraft:cauldron"
    },
	{
      "item": "minecraft:compass"
    },
	{
      "item": "minecraft:recovery_compass"
    },
	{
      "item": "minecraft:crossbow"
    },
	{
      "item": "minecraft:detector_rail"
    },
	{
      "item": "minecraft:flint_and_steel"
    },
	{
      "item": "minecraft:heavy_weighted_pressure_plate"
    },
	{
      "item": "minecraft:hopper"
    },
	{
      "item": "minecraft:iron_bars"
    },
	{
      "item": "minecraft:iron_door"
    },
	{
      "item": "minecraft:iron_trapdoor"
    },
	{
      "item": "minecraft:minecart"
    },
	{
      "item": "minecraft:chest_minecart"
    },
	{
      "item": "minecraft:hopper_minecart"
    },
	{
      "item": "minecraft:rail"
    },
	{
      "item": "minecraft:shears"
    },
	{
      "item": "minecraft:shield"
    },
	{
      "item": "minecraft:smithing_table"
    },
	{
      "item": "minecraft:tripwire_hook"
    },
	{
      "item": "minecraft:oak_hanging_sign"
    },
	{
      "item": "minecraft:spruce_hanging_sign"
    },
	{
      "item": "minecraft:birch_hanging_sign"
    },
	{
      "item": "minecraft:acacia_hanging_sign"
    },
	{
      "item": "minecraft:cherry_hanging_sign"
    },
	{
      "item": "minecraft:mangrove_hanging_sign"
    },
	{
      "item": "minecraft:jungle_hanging_sign"
    },
	{
      "item": "minecraft:bamboo_hanging_sign"
    },
	{
      "item": "minecraft:dark_oak_hanging_sign"
    },
	{
      "item": "minecraft:warped_hanging_sign"
    },
	{
      "item": "minecraft:crimson_hanging_sign"
    }
  ],
  "result": {
    "id": "minecraft:iron_nugget"
  }
}