{
    "type": "minecraft:crafting_shapeless",
    "category": "misc",
    "ingredients": [
        "minecraft:white_wool",
        "minecraft:white_wool",
        "minecraft:white_wool",
        "minecraft:iron_ingot",
        "minecraft:paper",
        "minecraft:paper",
        "minecraft:stick",
        "minecraft:stick",
        "minecraft:stick"
    ],
    "result": {
        "id": "minecraft:white_dye",
        "count": 1,
        "components": {
            "minecraft:item_name": "{\"text\":\"Advanced Bandage\",\"italic\":false,\"color\":\"white\"}",
            "minecraft:lore": [
                "[{\"text\":\"Effects: \",\"color\":\"gray\",\"italic\":false},{\"text\":\"Regeneration II (00:10)\",\"color\":\"dark_aqua\"}]",
                "[{\"text\":\"Use Time: \",\"color\":\"gray\",\"italic\":false},{\"text\":\"30 ticks\",\"color\":\"yellow\",\"italic\":false}]"
            ],
            "item_model": "gbg:medical/advanced_bandage",
            "minecraft:max_stack_size": 8,
            "custom_data": {
                "gbg_is_medical_item": 1,
                "adv_bandage": 1
            },
            "minecraft:food": {
                "nutrition": 0,
                "saturation": 0,
                "can_always_eat": true
            },
            "minecraft:consumable": {
                "consume_seconds": 1000000,
                "animation": "none",
                "has_consume_particles": false
            }
        }
    }
}