{
    "type": "minecraft:crafting_shapeless",
    "category": "misc",
    "ingredients": [
        "minecraft:jigsaw",
        "minecraft:iron_ingot",
        "minecraft:iron_ingot",
        "minecraft:iron_ingot",
        "minecraft:redstone",
        "minecraft:redstone",
        "minecraft:redstone"
    ],
    "result": {
        "id": "minecraft:white_dye",
        "count": 1,
        "components": {
            "minecraft:item_name": "{\"text\":\"Laser Shield\",\"italic\":false,\"color\":\"red\"}",
            "minecraft:lore": [
                "[{\"text\":\"Effects: \",\"color\":\"gray\",\"italic\":false},{\"text\":\"Health Boost V (20:00)\",\"color\":\"dark_aqua\"}]",
                "[{\"text\":\"           \",\"color\":\"gray\",\"italic\":false},{\"text\":\"Regeneration V (00:05)\",\"color\":\"dark_aqua\"}]",
                "[{\"text\":\"Use Time: \",\"color\":\"gray\",\"italic\":false},{\"text\":\"10 ticks\",\"color\":\"yellow\",\"italic\":false}]"
            ],
            "item_model": "gbg:medical/laser_shield",
            "minecraft:max_stack_size": 1,
            "custom_data": {
                "gbg_is_medical_item": 1,
                "laser_shield": 1
            },
            "minecraft:food": {
                "nutrition": 0,
                "saturation": 0,
                "can_always_eat": true
            },
            "minecraft:consumable": {
                "consume_seconds": 1000000,
                "animation": "none",
                "has_consume_particles": false
            }
        }
    }
}