{
    "type": "minecraft:crafting_shapeless",
    "category": "misc",
    "ingredients": [
        "minecraft:white_wool",
        "minecraft:red_wool",
        "minecraft:paper",
        "minecraft:leather",
        "minecraft:stick",
        "minecraft:milk_bucket"
    ],
    "result": {
        "id": "minecraft:white_dye",
        "count": 1,
        "components": {
            "minecraft:item_name": "{\"text\":\"Medkit\",\"italic\":false,\"color\":\"red\"}",
            "minecraft:lore": [
                "[{\"text\":\"Effects: \",\"color\":\"gray\",\"italic\":false},{\"text\":\"Regeneration II (00:09)\",\"color\":\"dark_aqua\"}]",
                "[{\"text\":\"           \",\"color\":\"gray\",\"italic\":false},{\"text\":\"Instant Health\",\"color\":\"dark_aqua\"}]",
                "[{\"text\":\"           \",\"color\":\"gray\",\"italic\":true},{\"text\":\"Clears all Negative Effects\",\"color\":\"dark_aqua\",\"italic\":true}]",
                "[{\"text\":\"Use Time: \",\"color\":\"gray\",\"italic\":false},{\"text\":\"60 ticks\",\"color\":\"yellow\",\"italic\":false}]"
            ],
            "item_model": "gbg:medical/medkit",
            "minecraft:max_stack_size": 8,
            "custom_data": {
                "gbg_is_medical_item": 1,
                "medkit": 1
            },
            "minecraft:food": {
                "nutrition": 0,
                "saturation": 0,
                "can_always_eat": true
            },
            "minecraft:consumable": {
                "consume_seconds": 1000000,
                "animation": "none",
                "has_consume_particles": false
            }
        }
    }
}