{
    "type": "minecraft:crafting_shapeless",
    "category": "misc",
    "ingredients": [
        "minecraft:repeating_command_block",
        "minecraft:gold_ingot",
        "minecraft:emerald",
        "minecraft:rotten_flesh",
        "minecraft:spider_eye",
        "minecraft:potato",
        "minecraft:carrot"
    ],
    "result": {
        "id": "minecraft:white_dye",
        "count": 1,
        "components": {
            "minecraft:item_name": "{\"text\":\"Minor Infection Cure\",\"italic\":false,\"color\":\"gold\"}",
            "minecraft:lore": [
                "[{\"text\":\"Effects: \",\"color\":\"gray\",\"italic\":false},{\"text\":\"Cures minor infection debuffs,\",\"color\":\"dark_aqua\",\"italic\":true}]",
                "[{\"text\":\"         or cure nearby villagers\",\"color\":\"dark_aqua\",\"italic\":true}]",
                "[{\"text\":\"         or animals of the zombie virus\",\"color\":\"dark_aqua\",\"italic\":true}]",
                "[{\"text\":\"Use Time: \",\"color\":\"gray\",\"italic\":false},{\"text\":\"10 ticks\",\"color\":\"yellow\",\"italic\":false}]"
            ],
            "item_model": "gbg:medical/minor_infection_cure",
            "minecraft:max_stack_size": 8,
            "custom_data": {
                "gbg_is_medical_item": 1,
                "minor_infection_cure": 1
            },
            "minecraft:food": {
                "nutrition": 0,
                "saturation": 0,
                "can_always_eat": true
            },
            "minecraft:consumable": {
                "consume_seconds": 1000000,
                "animation": "none",
                "has_consume_particles": false
            }
        }
    }
}