{
    "type": "minecraft:crafting_shapeless",
    "category": "misc",
    "ingredients": [
        "minecraft:repeating_command_block",
        "minecraft:iron_ingot",
        "minecraft:gold_ingot",
        "minecraft:gold_ingot",
        "minecraft:copper_ingot",
        "minecraft:copper_ingot",
        "minecraft:copper_ingot"
    ],
    "result": {
        "id": "minecraft:white_dye",
        "count": 1,
        "components": {
            "minecraft:item_name": "{\"text\":\"Resistance Syringe\",\"italic\":false,\"color\":\"dark_red\"}",
            "minecraft:lore": [
                "[{\"text\":\"Effects: \",\"color\":\"gray\",\"italic\":false},{\"text\":\"Resistance (01:00)\",\"color\":\"dark_aqua\"}]",
                "[{\"text\":\"Use Time: \",\"color\":\"gray\",\"italic\":false},{\"text\":\"10 ticks\",\"color\":\"yellow\",\"italic\":false}]"
            ],
            "item_model": "gbg:medical/resistance_syringe",
            "minecraft:max_stack_size": 8,
            "custom_data": {
                "gbg_is_medical_item": 1,
                "resistance_syringe": 1
            },
            "minecraft:food": {
                "nutrition": 0,
                "saturation": 0,
                "can_always_eat": true
            },
            "minecraft:consumable": {
                "consume_seconds": 1000000,
                "animation": "none",
                "has_consume_particles": false
            }
        }
    }
}