{
  "type": "minecraft:stonecutting",
  "ingredient": "minecraft:acacia_planks",
  "result": {
    "count": 8,
    "id": "minecraft:player_head",
    "components": {
      "custom_name": "{'text': 'Mini Acacia Planks', 'color': 'white', 'italic': false}",
      "note_block_sound": "minecraft:block.wood.hit",
      "profile": {
        "properties": [
          {
            "name": "textures",
            "value": "eyJ0ZXh0dXJlcyI6eyJTS0lOIjp7InVybCI6Imh0dHA6Ly90ZXh0dXJlcy5taW5lY3JhZnQubmV0L3RleHR1cmUvYzAxNjk2NmY0ZjNkYWU2NTI0ODYxZTZjYzU2MzE3NDk5MDcwMWJlYWUyNjI3NzEyNzE4YzUxMGYzMzNjNmM4MyJ9fX0="
          }
        ]
      }
    }
  }
}