{
  "type": "minecraft:stonecutting",
  "ingredient": "minecraft:ancient_debris",
  "result": {
    "count": 8,
    "id": "minecraft:player_head",
    "components": {
      "custom_name": "{'text': 'Mini Ancient Debris', 'color': 'white', 'italic': false}",
      "note_block_sound": "minecraft:block.ancient_debris.hit",
      "profile": {
        "properties": [
          {
            "name": "textures",
            "value": "eyJ0ZXh0dXJlcyI6eyJTS0lOIjp7InVybCI6Imh0dHA6Ly90ZXh0dXJlcy5taW5lY3JhZnQubmV0L3RleHR1cmUvOTcxMTRmNWQzOTAxODhkZjA0NzdjZGY5YWVjZjViYzgxNDE2Y2U1ZTVjNTljZmNhYzU4MWE0M2YzOTAyYzFlIn19fQ=="
          }
        ]
      }
    }
  }
}