{
  "type": "minecraft:stonecutting",
  "ingredient": "minecraft:azalea",
  "result": {
    "count": 1,
    "id": "minecraft:player_head",
    "components": {
      "custom_name": "{'text': 'Mini Azalea Bush', 'color': 'white', 'italic': false}",
      "note_block_sound": "minecraft:block.azalea.hit",
      "profile": {
        "properties": [
          {
            "name": "textures",
            "value": "eyJ0ZXh0dXJlcyI6eyJTS0lOIjp7InVybCI6Imh0dHA6Ly90ZXh0dXJlcy5taW5lY3JhZnQubmV0L3RleHR1cmUvZTY5NGFkYzNjZjA1ZmFhNzI3MGM5ODhjOTIzMmYyNTJjZThlNzAwNjU5MTJhYTU1NTFiM2ExZWFkYWE4Nzg1ZSJ9fX0="
          }
        ]
      }
    }
  }
}