{
  "type": "minecraft:stonecutting",
  "ingredient": "minecraft:bamboo_mosaic",
  "result": {
    "count": 8,
    "id": "minecraft:player_head",
    "components": {
      "custom_name": "{'text': 'Mini Bamboo Mosaic', 'color': 'white', 'italic': false}",
      "note_block_sound": "minecraft:block.bamboo_wood.hit",
      "profile": {
        "properties": [
          {
            "name": "textures",
            "value": "eyJ0ZXh0dXJlcyI6eyJTS0lOIjp7InVybCI6Imh0dHA6Ly90ZXh0dXJlcy5taW5lY3JhZnQubmV0L3RleHR1cmUvZjI2YzZkZWMxNzAwMmFhZjI5MTAxM2FmYmI1Y2EzYjIwODE1YWM3MjAyODBiZTYwYjU2OTVkNGFjMmJiYWQwMCJ9fX0="
          }
        ]
      }
    }
  }
}