{
  "type": "minecraft:stonecutting",
  "ingredient": "minecraft:barrel",
  "result": {
    "count": 8,
    "id": "minecraft:player_head",
    "components": {
      "custom_name": "{'text': 'Mini Open Barrel', 'color': 'white', 'italic': false}",
      "note_block_sound": "minecraft:block.barrel.open",
      "profile": {
        "properties": [
          {
            "name": "textures",
            "value": "eyJ0ZXh0dXJlcyI6eyJTS0lOIjp7InVybCI6Imh0dHA6Ly90ZXh0dXJlcy5taW5lY3JhZnQubmV0L3RleHR1cmUvOTllOTIzZjEyYmRhNTEwNTI4NzlmZDRmNTMyMThmYWE1ZmMxMWNjYTYwNjJkMmFkMzRlZGJkMjExOWVmOGI1YiJ9fX0="
          }
        ]
      }
    }
  }
}