{
  "type": "minecraft:stonecutting",
  "ingredient": "minecraft:bee_nest",
  "result": {
    "count": 8,
    "id": "minecraft:player_head",
    "components": {
      "custom_name": "{'text': 'Mini Bee Nest', 'color': 'white', 'italic': false}",
      "note_block_sound": "minecraft:block.beehive.work",
      "profile": {
        "properties": [
          {
            "name": "textures",
            "value": "eyJ0ZXh0dXJlcyI6eyJTS0lOIjp7InVybCI6Imh0dHA6Ly90ZXh0dXJlcy5taW5lY3JhZnQubmV0L3RleHR1cmUvZDZmMjAwMDZlZWI0NTcyZWZlMTljM2YxNjcyMjY5MGY3MzVkYTlmZWE0Y2ZjOTQxZWI0YzNlZDU3NDNmMTkwNiJ9fX0="
          }
        ]
      }
    }
  }
}