{
  "type": "minecraft:stonecutting",
  "ingredient": "minecraft:bell",
  "result": {
    "count": 1,
    "id": "minecraft:player_head",
    "components": {
      "custom_name": "{'text': 'Bell', 'color': 'white', 'italic': false}",
      "note_block_sound": "minecraft:block.bell.use",
      "profile": {
        "properties": [
          {
            "name": "textures",
            "value": "eyJ0ZXh0dXJlcyI6eyJTS0lOIjp7InVybCI6Imh0dHA6Ly90ZXh0dXJlcy5taW5lY3JhZnQubmV0L3RleHR1cmUvZDZiMGNlNjczYjNmMjhjNDYxMGNlYTdjZTA0MmM4NTBlMzRjYzk4OGNiMGQ3YzgwMzk3OWY1MGRkMGYxNTczMSJ9fX0="
          }
        ]
      }
    }
  }
}