{
  "type": "minecraft:stonecutting",
  "ingredient": "minecraft:birch_log",
  "result": {
    "count": 8,
    "id": "minecraft:player_head",
    "components": {
      "custom_name": "{'text': 'Mini Birch Log (Horizontal)', 'color': 'white', 'italic': false}",
      "note_block_sound": "minecraft:block.wood.hit",
      "profile": {
        "properties": [
          {
            "name": "textures",
            "value": "eyJ0ZXh0dXJlcyI6eyJTS0lOIjp7InVybCI6Imh0dHA6Ly90ZXh0dXJlcy5taW5lY3JhZnQubmV0L3RleHR1cmUvYWY5ZGI4ZDY3NTE2NjA2ZmNiM2I2NGYzODlhZGY2MTYxM2FhZDY5Yzk1MThhNmNlMjc3ZjlmYTZmYmJlZWU3MyJ9fX0="
          }
        ]
      }
    }
  }
}