{
  "type": "minecraft:stonecutting",
  "ingredient": "minecraft:blast_furnace",
  "result": {
    "count": 8,
    "id": "minecraft:player_head",
    "components": {
      "custom_name": "{'text': 'Mini Lit Blast Furnace', 'color': 'white', 'italic': false}",
      "note_block_sound": "minecraft:block.blastfurnace.fire_crackle",
      "profile": {
        "properties": [
          {
            "name": "textures",
            "value": "eyJ0ZXh0dXJlcyI6eyJTS0lOIjp7InVybCI6Imh0dHA6Ly90ZXh0dXJlcy5taW5lY3JhZnQubmV0L3RleHR1cmUvYWQ4NmM5MDUyNjFjMjU2YTIxMTVkOWVhOTNiZGRiZGNhMGY1NTEyMTY2MDRlMDkzZDhkODdiOTZmNjZjZDMzNSJ9fX0="
          }
        ]
      }
    }
  }
}