{
  "type": "minecraft:stonecutting",
  "ingredient": "minecraft:bone_block",
  "result": {
    "count": 8,
    "id": "minecraft:player_head",
    "components": {
      "custom_name": "{'text': 'Mini Bone Block (Horizontal)', 'color': 'white', 'italic': false}",
      "note_block_sound": "minecraft:block.bone_block.hit",
      "profile": {
        "properties": [
          {
            "name": "textures",
            "value": "eyJ0ZXh0dXJlcyI6eyJTS0lOIjp7InVybCI6Imh0dHA6Ly90ZXh0dXJlcy5taW5lY3JhZnQubmV0L3RleHR1cmUvNzJjODYwYmIzMDlkMWVlY2EwZDI5YzlmZGQyMDA1ODVmYWRjZmVhYTBlZTNkZGVhMjc0NjU2N2ZiMDUzMDMyZSJ9fX0="
          }
        ]
      }
    }
  }
}