{
  "type": "minecraft:stonecutting",
  "ingredient": "minecraft:brown_shulker_box",
  "result": {
    "count": 8,
    "id": "minecraft:player_head",
    "components": {
      "custom_name": "{'text': 'Mini Brown Shulker Box', 'color': 'white', 'italic': false}",
      "note_block_sound": "minecraft:block.shulker_box.open",
      "profile": {
        "properties": [
          {
            "name": "textures",
            "value": "eyJ0ZXh0dXJlcyI6eyJTS0lOIjp7InVybCI6Imh0dHA6Ly90ZXh0dXJlcy5taW5lY3JhZnQubmV0L3RleHR1cmUvYjQxOTU2OTMxZDFmNmQxZDFiNmY4MmYwNzdiOGEyNjViMjU5ZjVkMjlmNTY3ODY5ZTk5NTVjYzZmOWE4MmYxMiJ9fX0="
          }
        ]
      }
    }
  }
}