{
  "type": "minecraft:stonecutting",
  "ingredient": "#mini_blocks:budding_amethyst_ingredients",
  "result": {
    "count": 8,
    "id": "minecraft:player_head",
    "components": {
      "custom_name": "{'text': 'Mini Budding Amethyst', 'color': 'white', 'italic': false}",
      "note_block_sound": "minecraft:block.amethyst_block.hit",
      "profile": {
        "properties": [
          {
            "name": "textures",
            "value": "eyJ0ZXh0dXJlcyI6eyJTS0lOIjp7InVybCI6Imh0dHA6Ly90ZXh0dXJlcy5taW5lY3JhZnQubmV0L3RleHR1cmUvNTNmOTBkZmZjYjMyMGNkNmZkNTY2ZTY4MWMwMGNiYWZkYzI2Yzk5YTZiNGY3OGEyZGIwMmY3N2YyNTFhMWZmMSJ9fX0="
          }
        ]
      }
    }
  }
}