{
  "type": "minecraft:stonecutting",
  "ingredient": "minecraft:calibrated_sculk_sensor",
  "result": {
    "count": 4,
    "id": "minecraft:player_head",
    "components": {
      "custom_name": "{'text': 'Mini Calibrated Sculk Sensor (Active)', 'color': 'white', 'italic': false}",
      "note_block_sound": "minecraft:block.sculk_sensor.clicking",
      "profile": {
        "properties": [
          {
            "name": "textures",
            "value": "eyJ0ZXh0dXJlcyI6eyJTS0lOIjp7InVybCI6Imh0dHA6Ly90ZXh0dXJlcy5taW5lY3JhZnQubmV0L3RleHR1cmUvNzQ4YjVlNDE1ZmQ5NjM5ZTQ1MDdkMmY3N2UwMmE0MjU4YWE1MGRmYzg0ODE0M2Y2ZjkwOTQ1ZDA5NzJkMzAyYiJ9fX0="
          }
        ]
      }
    }
  }
}