{
  "type": "minecraft:stonecutting",
  "ingredient": "minecraft:campfire",
  "result": {
    "count": 4,
    "id": "minecraft:player_head",
    "components": {
      "custom_name": "{'text': 'Mini Campfire', 'color': 'white', 'italic': false}",
      "note_block_sound": "minecraft:block.campfire.crackle",
      "profile": {
        "properties": [
          {
            "name": "textures",
            "value": "eyJ0ZXh0dXJlcyI6eyJTS0lOIjp7InVybCI6Imh0dHA6Ly90ZXh0dXJlcy5taW5lY3JhZnQubmV0L3RleHR1cmUvNmQ5NTk2NWQ3OWRkZjYxM2Y1OTRmZDIwZDUxZTc2NWMwOWEyYTVmZjhkMGUwOWNmZjE5YThlYTQzMDIzNThhZCJ9fX0="
          }
        ]
      }
    }
  }
}