{
  "type": "minecraft:stonecutting",
  "ingredient": "minecraft:cartography_table",
  "result": {
    "count": 8,
    "id": "minecraft:player_head",
    "components": {
      "custom_name": "{'text': 'Mini Cartography Table', 'color': 'white', 'italic': false}",
      "note_block_sound": "minecraft:ui.cartography_table.take_result",
      "profile": {
        "properties": [
          {
            "name": "textures",
            "value": "eyJ0ZXh0dXJlcyI6eyJTS0lOIjp7InVybCI6Imh0dHA6Ly90ZXh0dXJlcy5taW5lY3JhZnQubmV0L3RleHR1cmUvOWNiOTdjNjgyMzZjNjM1MjM2MmYzZWI5MTk0YWI1NDJmMTg3MjBhMzRlOGQwOWRhYTE2OGEwNWVmNjUwMTMwZSJ9fX0="
          }
        ]
      }
    }
  }
}