{
  "type": "minecraft:stonecutting",
  "ingredient": "minecraft:cherry_stairs",
  "result": {
    "count": 6,
    "id": "minecraft:player_head",
    "components": {
      "custom_name": "{'text': 'Mini Cherry Planks', 'color': 'white', 'italic': false}",
      "note_block_sound": "minecraft:block.cherry_wood.hit",
      "profile": {
        "properties": [
          {
            "name": "textures",
            "value": "eyJ0ZXh0dXJlcyI6eyJTS0lOIjp7InVybCI6Imh0dHA6Ly90ZXh0dXJlcy5taW5lY3JhZnQubmV0L3RleHR1cmUvZGJiMmY1NWZjOTM3MDQ0NTM4NTEwNzg0ZDZlZmM5ZTE4NjQxZDRiODRmNWNhMDdmOTk0YjJjN2Q2MjEyNGY5In19fQ=="
          }
        ]
      }
    }
  }
}