{
  "type": "minecraft:stonecutting",
  "ingredient": "minecraft:chipped_anvil",
  "result": {
    "count": 8,
    "id": "minecraft:player_head",
    "components": {
      "custom_name": "{'text': 'Mini Chipped Anvil', 'color': 'white', 'italic': false}",
      "note_block_sound": "minecraft:block.anvil.use",
      "profile": {
        "properties": [
          {
            "name": "textures",
            "value": "eyJ0ZXh0dXJlcyI6eyJTS0lOIjp7InVybCI6Imh0dHA6Ly90ZXh0dXJlcy5taW5lY3JhZnQubmV0L3RleHR1cmUvYTkwMDcyNWU2OWY2YWQ0NDdhMzFmYjM0ZmY2ZmE1YWE4NWNlNjNiYWVhZTQzNzliN2U4MmU3MjVhNmIxMjUxNSJ9fX0="
          }
        ]
      }
    }
  }
}