{
  "type": "minecraft:stonecutting",
  "ingredient": "minecraft:chiseled_tuff_bricks",
  "result": {
    "count": 8,
    "id": "minecraft:player_head",
    "components": {
      "custom_name": "{'text': 'Mini Chiseled Tuff Bricks', 'color': 'white', 'italic': false}",
      "note_block_sound": "minecraft:block.tuff_bricks.hit",
      "profile": {
        "properties": [
          {
            "name": "textures",
            "value": "eyJ0ZXh0dXJlcyI6eyJTS0lOIjp7InVybCI6Imh0dHA6Ly90ZXh0dXJlcy5taW5lY3JhZnQubmV0L3RleHR1cmUvZTVjNTY4YjYxOWE5ZTIxODQ2MGZmYjQzY2UzNmNkMzE4ZjY4Y2E2OGNiMzU4NjVjMzA5ZjYwZTM4ODAxNDA4OSJ9fX0="
          }
        ]
      }
    }
  }
}