{
  "type": "minecraft:stonecutting",
  "ingredient": "minecraft:chiseled_tuff",
  "result": {
    "count": 8,
    "id": "minecraft:player_head",
    "components": {
      "custom_name": "{'text': 'Mini Chiseled Tuff', 'color': 'white', 'italic': false}",
      "note_block_sound": "minecraft:block.tuff.hit",
      "profile": {
        "properties": [
          {
            "name": "textures",
            "value": "eyJ0ZXh0dXJlcyI6eyJTS0lOIjp7InVybCI6Imh0dHA6Ly90ZXh0dXJlcy5taW5lY3JhZnQubmV0L3RleHR1cmUvMzM2MGJlMGNlMjUzYjljODQxNDU3NThlMWI2MWRlODZkYzQ3ZjQ4NmIzYjc3OTNjNGFlNDU0ZWZlM2NkYWMyMiJ9fX0="
          }
        ]
      }
    }
  }
}