{
  "type": "minecraft:stonecutting",
  "ingredient": "minecraft:chiseled_bookshelf",
  "result": {
    "count": 8,
    "id": "minecraft:player_head",
    "components": {
      "custom_name": "{'text': 'Mini Chiseled Bookshelf', 'color': 'white', 'italic': false}",
      "note_block_sound": "minecraft:block.chiseled_bookshelf.hit",
      "profile": {
        "properties": [
          {
            "name": "textures",
            "value": "eyJ0ZXh0dXJlcyI6eyJTS0lOIjp7InVybCI6Imh0dHA6Ly90ZXh0dXJlcy5taW5lY3JhZnQubmV0L3RleHR1cmUvZGEyNWUzZWE0Mzc0ODI4MzVjNzU4ZWZmMTc4ZjBhYjFmN2QyZDZkNjBhNTEzNDJhN2QzMzNjZjg2MDM1MzJkYSJ9fX0="
          }
        ]
      }
    }
  }
}