{
  "type": "minecraft:stonecutting",
  "ingredient": "minecraft:chiseled_sandstone",
  "result": {
    "count": 8,
    "id": "minecraft:player_head",
    "components": {
      "custom_name": "{'text': 'Mini Chiseled Sandstone', 'color': 'white', 'italic': false}",
      "note_block_sound": "minecraft:block.stone.hit",
      "profile": {
        "properties": [
          {
            "name": "textures",
            "value": "eyJ0ZXh0dXJlcyI6eyJTS0lOIjp7InVybCI6Imh0dHA6Ly90ZXh0dXJlcy5taW5lY3JhZnQubmV0L3RleHR1cmUvOTRlOGRjMDg2NWNlZDM4N2QxZjRlYzA5ZWUzMmFjZGZmNjk5ZmYyNjczMDZhNWViOWI3NDVkMTMxYzRiZWZlYSJ9fX0="
          }
        ]
      }
    }
  }
}