{
  "type": "minecraft:stonecutting",
  "ingredient": "minecraft:chiseled_resin_bricks",
  "result": {
    "count": 8,
    "id": "minecraft:player_head",
    "components": {
      "custom_name": "{'text': 'Mini Chiseled Resin Bricks', 'color': 'white', 'italic': false}",
      "note_block_sound": "minecraft:block.resin_bricks.hit",
      "profile": {
        "properties": [
          {
            "name": "textures",
            "value": "eyJ0ZXh0dXJlcyI6eyJTS0lOIjp7InVybCI6Imh0dHA6Ly90ZXh0dXJlcy5taW5lY3JhZnQubmV0L3RleHR1cmUvZjE3ZjkyMTkzYWI0Zjg1NGYyYjUxMTRkZGE3ZGE4YWI3M2JkNmU5NzcxOGZhMzk2ZjM4ZGI3YzI0ZDYxMzllZSJ9fX0="
          }
        ]
      }
    }
  }
}