{
  "type": "minecraft:stonecutting",
  "ingredient": "minecraft:chest",
  "result": {
    "count": 8,
    "id": "minecraft:player_head",
    "components": {
      "custom_name": "{'text': 'Mini Christmas Chest', 'color': 'white', 'italic': false}",
      "note_block_sound": "minecraft:block.chest.open",
      "profile": {
        "properties": [
          {
            "name": "textures",
            "value": "eyJ0ZXh0dXJlcyI6eyJTS0lOIjp7InVybCI6Imh0dHA6Ly90ZXh0dXJlcy5taW5lY3JhZnQubmV0L3RleHR1cmUvOWJiNWJhNjNhM2FmZDhlMmM1MjJjMzk3NjY2NGFjYjIxNTQ2NzM2NjExNjQwOTgxZTM3MTMyYTdmOTk4YmI0ZCJ9fX0="
          }
        ]
      }
    }
  }
}