{
  "type": "minecraft:stonecutting",
  "ingredient": "minecraft:clay",
  "result": {
    "count": 8,
    "id": "minecraft:player_head",
    "components": {
      "custom_name": "{'text': 'Mini Clay', 'color': 'white', 'italic': false}",
      "note_block_sound": "minecraft:block.gravel.hit",
      "profile": {
        "properties": [
          {
            "name": "textures",
            "value": "eyJ0ZXh0dXJlcyI6eyJTS0lOIjp7InVybCI6Imh0dHA6Ly90ZXh0dXJlcy5taW5lY3JhZnQubmV0L3RleHR1cmUvNTkyNGVkYTcyYTA3ZjU2MzI4ZTAzNmYyMzBlNDg4ODE3ZGQ0ZDQ1NjgxOTEzZDJmYzliZjJkMmE1ZjE5NDFhZSJ9fX0="
          }
        ]
      }
    }
  }
}