{
  "type": "minecraft:stonecutting",
  "ingredient": "minecraft:cocoa_beans",
  "result": {
    "count": 1,
    "id": "minecraft:player_head",
    "components": {
      "custom_name": "{'text': 'Cocoa (Age 0)', 'color': 'white', 'italic': false}",
      "note_block_sound": "minecraft:block.wood.hit",
      "profile": {
        "properties": [
          {
            "name": "textures",
            "value": "eyJ0ZXh0dXJlcyI6eyJTS0lOIjp7InVybCI6Imh0dHA6Ly90ZXh0dXJlcy5taW5lY3JhZnQubmV0L3RleHR1cmUvZTYwZjRjOTg2OTAzMzc5YzI2M2RkMjJjN2NmNzdlY2RhZmFkMzRlNzNjMzQ5OTk3ZDM0ZjQzMjk4MjU1MWJiNiJ9fX0="
          }
        ]
      }
    }
  }
}