{
  "type": "minecraft:stonecutting",
  "ingredient": "minecraft:composter",
  "result": {
    "count": 8,
    "id": "minecraft:player_head",
    "components": {
      "custom_name": "{'text': 'Mini Composter', 'color': 'white', 'italic': false}",
      "note_block_sound": "minecraft:block.composter.fill",
      "profile": {
        "properties": [
          {
            "name": "textures",
            "value": "eyJ0ZXh0dXJlcyI6eyJTS0lOIjp7InVybCI6Imh0dHA6Ly90ZXh0dXJlcy5taW5lY3JhZnQubmV0L3RleHR1cmUvNTNjYjhmNjFlN2Y2YmY5NTdhMjEzNGU5NmZhZWIwZmM5MjQxMzdkNGJmZjg4ZDk1MThiMmJmNjYyNTg2YzkyZSJ9fX0="
          }
        ]
      }
    }
  }
}