{
  "type": "minecraft:stonecutting",
  "ingredient": "minecraft:copper_bulb",
  "result": {
    "count": 8,
    "id": "minecraft:player_head",
    "components": {
      "custom_name": "{'text': 'Mini Copper Bulb', 'color': 'white', 'italic': false}",
      "note_block_sound": "minecraft:block.copper_bulb.hit",
      "profile": {
        "properties": [
          {
            "name": "textures",
            "value": "eyJ0ZXh0dXJlcyI6eyJTS0lOIjp7InVybCI6Imh0dHA6Ly90ZXh0dXJlcy5taW5lY3JhZnQubmV0L3RleHR1cmUvN2E5YTAyMzkyMTNmZmRjZjJjOTAzNGZiM2I2OWQxYjgwODUwM2NkMzk5Y2I2YThmN2QzZWMxOTQ5YWQwNDFmNyJ9fX0="
          }
        ]
      }
    }
  }
}