{
  "type": "minecraft:stonecutting",
  "ingredient": "minecraft:crafter",
  "result": {
    "count": 8,
    "id": "minecraft:player_head",
    "components": {
      "custom_name": "{'text': 'Mini Crafter', 'color': 'white', 'italic': false}",
      "note_block_sound": "minecraft:block.crafter.craft",
      "profile": {
        "properties": [
          {
            "name": "textures",
            "value": "eyJ0ZXh0dXJlcyI6eyJTS0lOIjp7InVybCI6Imh0dHA6Ly90ZXh0dXJlcy5taW5lY3JhZnQubmV0L3RleHR1cmUvZjU3YzdlOTZhODAyYzI3MDgwYzdmODA1MzgxNDM2OGVhOTRkZjg2NDQ1OTEyMGU1MTU1NzE4YjUwM2MzZWQ3In19fQ=="
          }
        ]
      }
    }
  }
}