{
  "type": "minecraft:stonecutting",
  "ingredient": "minecraft:creaking_heart",
  "result": {
    "count": 8,
    "id": "minecraft:player_head",
    "components": {
      "custom_name": "{'text': 'Mini Creaking Heart', 'color': 'white', 'italic': false}",
      "note_block_sound": "minecraft:block.creaking_heart.idle",
      "profile": {
        "properties": [
          {
            "name": "textures",
            "value": "eyJ0ZXh0dXJlcyI6eyJTS0lOIjp7InVybCI6Imh0dHA6Ly90ZXh0dXJlcy5taW5lY3JhZnQubmV0L3RleHR1cmUvZDY4NTgzMzU1MTA1YjJmMTNhMWE3Y2VlOTdhNWJhYzkwMGIxZDg0MThiODRmY2YwMTExMjZmNzEzYzM0MTYwZiJ9fX0="
          }
        ]
      }
    }
  }
}