{
  "type": "minecraft:stonecutting",
  "ingredient": "minecraft:creaking_heart",
  "result": {
    "count": 8,
    "id": "minecraft:player_head",
    "components": {
      "custom_name": "{'text': 'Mini Active Creaking Heart', 'color': 'white', 'italic': false}",
      "note_block_sound": "minecraft:block.creaking_heart.hurt",
      "profile": {
        "properties": [
          {
            "name": "textures",
            "value": "eyJ0ZXh0dXJlcyI6eyJTS0lOIjp7InVybCI6Imh0dHA6Ly90ZXh0dXJlcy5taW5lY3JhZnQubmV0L3RleHR1cmUvZGJjZGE1M2U2OTYyNGMwOTkyOWI2OTJkMGM5MGRhN2I3NmFlMzllMzViZGZkNmY2N2IzMTI3YjE3Yjk3MDVkNyJ9fX0="
          }
        ]
      }
    }
  }
}