{
  "type": "minecraft:stonecutting",
  "ingredient": "minecraft:crimson_stem",
  "result": {
    "count": 8,
    "id": "minecraft:player_head",
    "components": {
      "custom_name": "{'text': 'Mini Crimson Stem', 'color': 'white', 'italic': false}",
      "note_block_sound": "minecraft:block.stem.hit",
      "profile": {
        "properties": [
          {
            "name": "textures",
            "value": "eyJ0ZXh0dXJlcyI6eyJTS0lOIjp7InVybCI6Imh0dHA6Ly90ZXh0dXJlcy5taW5lY3JhZnQubmV0L3RleHR1cmUvNzRmOWE0ZDhhMDQ1NDRjYjIyOTdiZTE2MDM0MGFlZTlkMjE1MTk0NGY4OGE0NTQzZjdkYzhiZTlhN2IwN2Q1NiJ9fX0="
          }
        ]
      }
    }
  }
}