{
  "type": "minecraft:stonecutting",
  "ingredient": "minecraft:crying_obsidian",
  "result": {
    "count": 8,
    "id": "minecraft:player_head",
    "components": {
      "custom_name": "{'text': 'Mini Crying Obsidian', 'color': 'white', 'italic': false}",
      "note_block_sound": "minecraft:block.stone.hit",
      "profile": {
        "properties": [
          {
            "name": "textures",
            "value": "eyJ0ZXh0dXJlcyI6eyJTS0lOIjp7InVybCI6Imh0dHA6Ly90ZXh0dXJlcy5taW5lY3JhZnQubmV0L3RleHR1cmUvYmRmODJiZGM4YTRmN2QwMjZiMGM0ZjE3ZDA2YjhiZjVkYzUyNmEyNTQzODk4NjYyOTFlN2I2YjQ0ZjkwYjBlIn19fQ=="
          }
        ]
      }
    }
  }
}