{
  "type": "minecraft:stonecutting",
  "ingredient": "minecraft:cut_copper_slab",
  "result": {
    "count": 4,
    "id": "minecraft:player_head",
    "components": {
      "custom_name": "{'text': 'Mini Cut Copper', 'color': 'white', 'italic': false}",
      "note_block_sound": "minecraft:block.copper.hit",
      "profile": {
        "properties": [
          {
            "name": "textures",
            "value": "eyJ0ZXh0dXJlcyI6eyJTS0lOIjp7InVybCI6Imh0dHA6Ly90ZXh0dXJlcy5taW5lY3JhZnQubmV0L3RleHR1cmUvNTMxYzU3ODM3YjhjMzdlY2RiM2RkZDlmM2E4ZGMzOTVhNzEyYzI1N2ZhZjE3N2Q3ZmU4ZDNmNDRlZjQ3NTkzMSJ9fX0="
          }
        ]
      }
    }
  }
}