{
  "type": "minecraft:stonecutting",
  "ingredient": "minecraft:cut_red_sandstone",
  "result": {
    "count": 8,
    "id": "minecraft:player_head",
    "components": {
      "custom_name": "{'text': 'Mini Cut Red Sandstone', 'color': 'white', 'italic': false}",
      "note_block_sound": "minecraft:block.stone.hit",
      "profile": {
        "properties": [
          {
            "name": "textures",
            "value": "eyJ0ZXh0dXJlcyI6eyJTS0lOIjp7InVybCI6Imh0dHA6Ly90ZXh0dXJlcy5taW5lY3JhZnQubmV0L3RleHR1cmUvYTMzNWE0NTEyOTE2YzI2YzM5NDBlMTI4OTk1M2E3YTUzMTJhY2JkYTE0YjRmMzcwZjQ5Y2I2OWEwMjUwYzVmNiJ9fX0="
          }
        ]
      }
    }
  }
}