{
  "type": "minecraft:stonecutting",
  "ingredient": "minecraft:cut_sandstone",
  "result": {
    "count": 8,
    "id": "minecraft:player_head",
    "components": {
      "custom_name": "{'text': 'Mini Cut Sandstone', 'color': 'white', 'italic': false}",
      "note_block_sound": "minecraft:block.stone.hit",
      "profile": {
        "properties": [
          {
            "name": "textures",
            "value": "eyJ0ZXh0dXJlcyI6eyJTS0lOIjp7InVybCI6Imh0dHA6Ly90ZXh0dXJlcy5taW5lY3JhZnQubmV0L3RleHR1cmUvOGM0MGYzZDliNjg0YmZkYTFkODdjNTAwYmQzZjE0ZDc5ZWY4M2EwZWU3MGUzY2I1MzM5MGRlZGU3Mzc5OWU4NiJ9fX0="
          }
        ]
      }
    }
  }
}