{
  "type": "minecraft:stonecutting",
  "ingredient": "minecraft:cyan_concrete",
  "result": {
    "count": 8,
    "id": "minecraft:player_head",
    "components": {
      "custom_name": "{'text': 'Mini Cyan Concrete', 'color': 'white', 'italic': false}",
      "note_block_sound": "minecraft:block.stone.hit",
      "profile": {
        "properties": [
          {
            "name": "textures",
            "value": "eyJ0ZXh0dXJlcyI6eyJTS0lOIjp7InVybCI6Imh0dHA6Ly90ZXh0dXJlcy5taW5lY3JhZnQubmV0L3RleHR1cmUvZjMzYjUxZmVmMWQ3ZmRmMTkyNzRiYjc2ZmNlZGVjZWM3YTc3ZDAxMGNiMzRmZTAyOWZiNzk0Y2M1OWFiYSJ9fX0="
          }
        ]
      }
    }
  }
}