{
  "type": "minecraft:stonecutting",
  "ingredient": "minecraft:cyan_wool",
  "result": {
    "count": 8,
    "id": "minecraft:player_head",
    "components": {
      "custom_name": "{'text': 'Mini Cyan Wool', 'color': 'white', 'italic': false}",
      "note_block_sound": "minecraft:block.wool.hit",
      "profile": {
        "properties": [
          {
            "name": "textures",
            "value": "eyJ0ZXh0dXJlcyI6eyJTS0lOIjp7InVybCI6Imh0dHA6Ly90ZXh0dXJlcy5taW5lY3JhZnQubmV0L3RleHR1cmUvZmQ5ZmVlNDA1MzIzMmFmZmU0YzdiZWMxMTc3MmFlM2JkYTQ0Y2JjZmFiZGJjMzFlM2QwYzA1MGY1MzNlZTA2YiJ9fX0="
          }
        ]
      }
    }
  }
}