{
  "type": "minecraft:stonecutting",
  "ingredient": "minecraft:damaged_anvil",
  "result": {
    "count": 8,
    "id": "minecraft:player_head",
    "components": {
      "custom_name": "{'text': 'Mini Damaged Anvil', 'color': 'white', 'italic': false}",
      "note_block_sound": "minecraft:block.anvil.destroy",
      "profile": {
        "properties": [
          {
            "name": "textures",
            "value": "eyJ0ZXh0dXJlcyI6eyJTS0lOIjp7InVybCI6Imh0dHA6Ly90ZXh0dXJlcy5taW5lY3JhZnQubmV0L3RleHR1cmUvNWNkMjBiZDhjNDhlYTJhMjcwNTVlYWY5MGIxYTkyMGY0ZWFmOWE4MWVjOGMzMzI4YTRjOTc0YzllMTNjZTNjMiJ9fX0="
          }
        ]
      }
    }
  }
}