{
  "type": "minecraft:stonecutting",
  "ingredient": "minecraft:dark_oak_slab",
  "result": {
    "count": 4,
    "id": "minecraft:player_head",
    "components": {
      "custom_name": "{'text': 'Mini Dark Oak Planks', 'color': 'white', 'italic': false}",
      "note_block_sound": "minecraft:block.wood.hit",
      "profile": {
        "properties": [
          {
            "name": "textures",
            "value": "eyJ0ZXh0dXJlcyI6eyJTS0lOIjp7InVybCI6Imh0dHA6Ly90ZXh0dXJlcy5taW5lY3JhZnQubmV0L3RleHR1cmUvODljYTc5OGZlM2U0MDIzOTcxYjc4NmE2NGE3MmJkOThhMTVmZjc1YTdmODExN2I1NjAxMDNlMjM0ZGUwNTJhYyJ9fX0="
          }
        ]
      }
    }
  }
}