{
  "type": "minecraft:stonecutting",
  "ingredient": "minecraft:dark_oak_wood",
  "result": {
    "count": 8,
    "id": "minecraft:player_head",
    "components": {
      "custom_name": "{'text': 'Mini Dark Oak Wood', 'color': 'white', 'italic': false}",
      "note_block_sound": "minecraft:block.wood.hit",
      "profile": {
        "properties": [
          {
            "name": "textures",
            "value": "eyJ0ZXh0dXJlcyI6eyJTS0lOIjp7InVybCI6Imh0dHA6Ly90ZXh0dXJlcy5taW5lY3JhZnQubmV0L3RleHR1cmUvNDVhYzZlNmM0MzZkNmUxMzdkODA0ODJiODg4NTY5YjgxODFiOGIzZGFhMDZjMDQ3Zjk3NTFkMzJlYmY4ZTRjMSJ9fX0="
          }
        ]
      }
    }
  }
}