{
  "type": "minecraft:stonecutting",
  "ingredient": "minecraft:dark_oak_log",
  "result": {
    "count": 8,
    "id": "minecraft:player_head",
    "components": {
      "custom_name": "{'text': 'Mini Dark Oak Log (Horizontal)', 'color': 'white', 'italic': false}",
      "note_block_sound": "minecraft:block.wood.hit",
      "profile": {
        "properties": [
          {
            "name": "textures",
            "value": "eyJ0ZXh0dXJlcyI6eyJTS0lOIjp7InVybCI6Imh0dHA6Ly90ZXh0dXJlcy5taW5lY3JhZnQubmV0L3RleHR1cmUvNzM2ZGZiNGM4ZDY5NzFkZDk2ZjVhMWZlNGI0NzIwYTM5NTE2MTcwMmQ2YzI5YWI4NzE0MjJlNjYwNjNkYmIwYSJ9fX0="
          }
        ]
      }
    }
  }
}