{
  "type": "minecraft:stonecutting",
  "ingredient": "minecraft:chorus_flower",
  "result": {
    "count": 8,
    "id": "minecraft:player_head",
    "components": {
      "custom_name": "{'text': 'Mini Dead Chorus Flower', 'color': 'white', 'italic': false}",
      "note_block_sound": "minecraft:block.wood.hit",
      "profile": {
        "properties": [
          {
            "name": "textures",
            "value": "eyJ0ZXh0dXJlcyI6eyJTS0lOIjp7InVybCI6Imh0dHA6Ly90ZXh0dXJlcy5taW5lY3JhZnQubmV0L3RleHR1cmUvYWVjMmZjYjNhOGI0NjRhYjIxNWFhZmZlYThhNmNiMTgzZDQ4NDAwODRkZDM3ZTAwNDhjY2NiODVhYzYxYmFkIn19fQ=="
          }
        ]
      }
    }
  }
}