{
  "type": "minecraft:stonecutting",
  "ingredient": "minecraft:brick",
  "result": {
    "count": 1,
    "id": "minecraft:player_head",
    "components": {
      "custom_name": "{'text': 'Mini Decorated Pot', 'color': 'white', 'italic': false}",
      "note_block_sound": "minecraft:block.decorated_pot.hit",
      "profile": {
        "properties": [
          {
            "name": "textures",
            "value": "eyJ0ZXh0dXJlcyI6eyJTS0lOIjp7InVybCI6Imh0dHA6Ly90ZXh0dXJlcy5taW5lY3JhZnQubmV0L3RleHR1cmUvYzBlMjNiNjliYTMwNjVjODZiNWNiYWJjN2Q0OGFiMzlkYTQ5MzIzOTMyY2E5OWRhY2QxOGJhNDJjMWMwMWVjIn19fQ=="
          }
        ]
      }
    }
  }
}