{
  "type": "minecraft:stonecutting",
  "ingredient": "minecraft:deepslate_redstone_ore",
  "result": {
    "count": 8,
    "id": "minecraft:player_head",
    "components": {
      "custom_name": "{'text': 'Mini Deepslate Redstone Ore', 'color': 'white', 'italic': false}",
      "note_block_sound": "minecraft:block.deepslate.hit",
      "profile": {
        "properties": [
          {
            "name": "textures",
            "value": "eyJ0ZXh0dXJlcyI6eyJTS0lOIjp7InVybCI6Imh0dHA6Ly90ZXh0dXJlcy5taW5lY3JhZnQubmV0L3RleHR1cmUvMTBjZGZiZTUzODk5ODk4MWFiMzlkM2Q4OTg0MzBkNTg4NjExZjQ3NmM4ODIwOTA5Njc4YTI5YTA3ZmRmNDAyZCJ9fX0="
          }
        ]
      }
    }
  }
}