{
  "type": "minecraft:stonecutting",
  "ingredient": "minecraft:deepslate",
  "result": {
    "count": 8,
    "id": "minecraft:player_head",
    "components": {
      "custom_name": "{'text': 'Mini Deepslate', 'color': 'white', 'italic': false}",
      "note_block_sound": "minecraft:block.deepslate.hit",
      "profile": {
        "properties": [
          {
            "name": "textures",
            "value": "eyJ0ZXh0dXJlcyI6eyJTS0lOIjp7InVybCI6Imh0dHA6Ly90ZXh0dXJlcy5taW5lY3JhZnQubmV0L3RleHR1cmUvZjJkNzE0NGRjZjFlNzg0OTU2ZWUxMmZiMjljNjEzODJlZWEyNzJhNzYyMWI1MDY2MjM5N2JjMDc0NTE1ZDk4MiJ9fX0="
          }
        ]
      }
    }
  }
}