{
  "type": "minecraft:stonecutting",
  "ingredient": "minecraft:deepslate_coal_ore",
  "result": {
    "count": 8,
    "id": "minecraft:player_head",
    "components": {
      "custom_name": "{'text': 'Mini Deepslate Coal Ore', 'color': 'white', 'italic': false}",
      "note_block_sound": "minecraft:block.deepslate.hit",
      "profile": {
        "properties": [
          {
            "name": "textures",
            "value": "eyJ0ZXh0dXJlcyI6eyJTS0lOIjp7InVybCI6Imh0dHA6Ly90ZXh0dXJlcy5taW5lY3JhZnQubmV0L3RleHR1cmUvYTE5NjBkM2RlZGJjNmRlMTA5N2I3Y2MyZDgzNzcyOGJkOTQzZTdjZmI5MGQxMWM0OTQzNjc5NmZiZDlkZDBjYSJ9fX0="
          }
        ]
      }
    }
  }
}