{
  "type": "minecraft:stonecutting",
  "ingredient": "minecraft:deepslate_lapis_ore",
  "result": {
    "count": 8,
    "id": "minecraft:player_head",
    "components": {
      "custom_name": "{'text': 'Mini Deepslate Lapis Lazuli Ore', 'color': 'white', 'italic': false}",
      "note_block_sound": "minecraft:block.deepslate.hit",
      "profile": {
        "properties": [
          {
            "name": "textures",
            "value": "eyJ0ZXh0dXJlcyI6eyJTS0lOIjp7InVybCI6Imh0dHA6Ly90ZXh0dXJlcy5taW5lY3JhZnQubmV0L3RleHR1cmUvYTU1ZWZjOWMzNzlhYzMzYWVjOTA1MWU4OTk5ZTdmNDgzNzE1NTEwYjM3NGYyYmUyY2QzNTc4MjFmZjg0MDYzMyJ9fX0="
          }
        ]
      }
    }
  }
}