{
  "type": "minecraft:stonecutting",
  "ingredient": "minecraft:dispenser",
  "result": {
    "count": 8,
    "id": "minecraft:player_head",
    "components": {
      "custom_name": "{'text': 'Mini Vertical Dispenser', 'color': 'white', 'italic': false}",
      "note_block_sound": "minecraft:block.dispenser.dispense",
      "profile": {
        "properties": [
          {
            "name": "textures",
            "value": "eyJ0ZXh0dXJlcyI6eyJTS0lOIjp7InVybCI6Imh0dHA6Ly90ZXh0dXJlcy5taW5lY3JhZnQubmV0L3RleHR1cmUvY2E4NTJhMTA1MWQyMWEwMGEzMjFmZGU3OTM3MTRlZGIyOTIwMjI2MGNmYWE1MTVjZWM2ODg1ODZiMTYyOWE2MiJ9fX0="
          }
        ]
      }
    }
  }
}