{
  "type": "minecraft:stonecutting",
  "ingredient": "minecraft:dropper",
  "result": {
    "count": 8,
    "id": "minecraft:player_head",
    "components": {
      "custom_name": "{'text': 'Mini Dropper', 'color': 'white', 'italic': false}",
      "note_block_sound": "minecraft:block.dispenser.dispense",
      "profile": {
        "properties": [
          {
            "name": "textures",
            "value": "eyJ0ZXh0dXJlcyI6eyJTS0lOIjp7InVybCI6Imh0dHA6Ly90ZXh0dXJlcy5taW5lY3JhZnQubmV0L3RleHR1cmUvZjNmM2UwM2YwNGU2ZmRmYzAwZDkxZWM4OTQyMmU5NDgzY2FhNjdmYzAyMGZjYWNjOTEwMzQyZGJlOWNjODBiYiJ9fX0="
          }
        ]
      }
    }
  }
}