{
  "type": "minecraft:stonecutting",
  "ingredient": "minecraft:emerald_ore",
  "result": {
    "count": 8,
    "id": "minecraft:player_head",
    "components": {
      "custom_name": "{'text': 'Mini Emerald Ore', 'color': 'white', 'italic': false}",
      "note_block_sound": "minecraft:block.stone.hit",
      "profile": {
        "properties": [
          {
            "name": "textures",
            "value": "eyJ0ZXh0dXJlcyI6eyJTS0lOIjp7InVybCI6Imh0dHA6Ly90ZXh0dXJlcy5taW5lY3JhZnQubmV0L3RleHR1cmUvYmI0NTQ4MmE4Y2FlNjk0NmViZTUxMTUxNjc3MGQxMDE4MjA0ZmRjNDgyYmY3OTQyYjQxNzUyNjYxMWExYzBiNSJ9fX0="
          }
        ]
      }
    }
  }
}