{
  "type": "minecraft:stonecutting",
  "ingredient": "minecraft:end_crystal",
  "result": {
    "count": 8,
    "id": "minecraft:player_head",
    "components": {
      "custom_name": "{'text': 'Mini End Crystal', 'color': 'white', 'italic': false}",
      "note_block_sound": "minecraft:entity.generic.explode",
      "profile": {
        "properties": [
          {
            "name": "textures",
            "value": "eyJ0ZXh0dXJlcyI6eyJTS0lOIjp7InVybCI6Imh0dHA6Ly90ZXh0dXJlcy5taW5lY3JhZnQubmV0L3RleHR1cmUvZDY1ZjljNWU1OTVhMTU5ZDg2ZjhiM2U1ZGE5OGIyYzVkYjdhMmY3YTdlM2ZjMjMwMzc2MWFjZGE0MDliYzQ1MiJ9fX0="
          }
        ]
      }
    }
  }
}