{
  "type": "minecraft:stonecutting",
  "ingredient": "minecraft:exposed_copper_bulb",
  "result": {
    "count": 8,
    "id": "minecraft:player_head",
    "components": {
      "custom_name": "{'text': 'Mini Exposed Copper Bulb (Lit)', 'color': 'white', 'italic': false}",
      "note_block_sound": "minecraft:block.copper_bulb.hit",
      "profile": {
        "properties": [
          {
            "name": "textures",
            "value": "eyJ0ZXh0dXJlcyI6eyJTS0lOIjp7InVybCI6Imh0dHA6Ly90ZXh0dXJlcy5taW5lY3JhZnQubmV0L3RleHR1cmUvNTEzZDBjODM0YjYwYTQ3OWQwNjJiYmM4NDIxMDhhMWYxYjVmNmJkMDY4NDg0MDUwODhlNjMzODdhZWM2YTg5YyJ9fX0="
          }
        ]
      }
    }
  }
}