{
  "type": "minecraft:stonecutting",
  "ingredient": "minecraft:exposed_cut_copper",
  "result": {
    "count": 8,
    "id": "minecraft:player_head",
    "components": {
      "custom_name": "{'text': 'Mini Exposed Cut Copper', 'color': 'white', 'italic': false}",
      "note_block_sound": "minecraft:block.copper.hit",
      "profile": {
        "properties": [
          {
            "name": "textures",
            "value": "eyJ0ZXh0dXJlcyI6eyJTS0lOIjp7InVybCI6Imh0dHA6Ly90ZXh0dXJlcy5taW5lY3JhZnQubmV0L3RleHR1cmUvMTY0YmQ2ZTc4MWFhMTU1NmNjZGZmMzIyYzE5NmM5Nzk5MWVhOTUyODI4NDhiZTkwOGYxYThkZGNhOTJjYmViMiJ9fX0="
          }
        ]
      }
    }
  }
}