{
  "type": "minecraft:stonecutting",
  "ingredient": "minecraft:exposed_chiseled_copper",
  "result": {
    "count": 8,
    "id": "minecraft:player_head",
    "components": {
      "custom_name": "{'text': 'Mini Exposed Chiseled Copper', 'color': 'white', 'italic': false}",
      "note_block_sound": "minecraft:block.copper.hit",
      "profile": {
        "properties": [
          {
            "name": "textures",
            "value": "eyJ0ZXh0dXJlcyI6eyJTS0lOIjp7InVybCI6Imh0dHA6Ly90ZXh0dXJlcy5taW5lY3JhZnQubmV0L3RleHR1cmUvNGYwNTY4YzQ4Mzg4NGNjZTM2MGY1YzA2YjYxY2JlOWMxNjdiM2RjYzBlNjMxNTY2YzA4MDk4MDRjMzIxNmMzNSJ9fX0="
          }
        ]
      }
    }
  }
}