{
  "type": "minecraft:stonecutting",
  "ingredient": "#mini_blocks:farmland_ingredients",
  "result": {
    "count": 8,
    "id": "minecraft:player_head",
    "components": {
      "custom_name": "{'text': 'Mini Farmland', 'color': 'white', 'italic': false}",
      "note_block_sound": "minecraft:item.hoe.till",
      "profile": {
        "properties": [
          {
            "name": "textures",
            "value": "eyJ0ZXh0dXJlcyI6eyJTS0lOIjp7InVybCI6Imh0dHA6Ly90ZXh0dXJlcy5taW5lY3JhZnQubmV0L3RleHR1cmUvOWRjNDU2ZGM2YzA1OGI0ZTc3ZDIyOTU0YmVhODI4ODdhMDAwMzg0NmExODU3YmVhMDIxMTNiMzM0MWVjZDFlZCJ9fX0="
          }
        ]
      }
    }
  }
}