{
  "type": "minecraft:stonecutting",
  "ingredient": "minecraft:flowering_azalea_leaves",
  "result": {
    "count": 8,
    "id": "minecraft:player_head",
    "components": {
      "custom_name": "{'text': 'Mini Flowering Azalea Leaves', 'color': 'white', 'italic': false}",
      "note_block_sound": "minecraft:block.azalea_leaves.hit",
      "profile": {
        "properties": [
          {
            "name": "textures",
            "value": "eyJ0ZXh0dXJlcyI6eyJTS0lOIjp7InVybCI6Imh0dHA6Ly90ZXh0dXJlcy5taW5lY3JhZnQubmV0L3RleHR1cmUvNDc5ZDQ3ZjMxMDk0ZTYyNGU5YmQ3ZTIzZTY2ZDQ1ZjQ0ZDAzMzc5MWE1ZmFjNDJhODQ1ODQxYTM4NjI5NDYwMiJ9fX0="
          }
        ]
      }
    }
  }
}