{
  "type": "minecraft:stonecutting",
  "ingredient": "minecraft:friend_pottery_sherd",
  "result": {
    "count": 1,
    "id": "minecraft:player_head",
    "components": {
      "custom_name": "{'text': 'Mini Friend Decorated Pot', 'color': 'white', 'italic': false}",
      "note_block_sound": "minecraft:block.decorated_pot.hit",
      "profile": {
        "properties": [
          {
            "name": "textures",
            "value": "eyJ0ZXh0dXJlcyI6eyJTS0lOIjp7InVybCI6Imh0dHA6Ly90ZXh0dXJlcy5taW5lY3JhZnQubmV0L3RleHR1cmUvZTU4ZDdiMjE3NjFjZTY5MWE3NzUwMDk2ZmE5NTczYjY1OTA2NWM0ZmYxNjBkNDJkMWUxMzU4NjM1OGEzN2YyIn19fQ=="
          }
        ]
      }
    }
  }
}