{
  "type": "minecraft:stonecutting",
  "ingredient": "minecraft:furnace",
  "result": {
    "count": 8,
    "id": "minecraft:player_head",
    "components": {
      "custom_name": "{'text': 'Mini Lit Furnace', 'color': 'white', 'italic': false}",
      "note_block_sound": "minecraft:block.furnace.fire_crackle",
      "profile": {
        "properties": [
          {
            "name": "textures",
            "value": "eyJ0ZXh0dXJlcyI6eyJTS0lOIjp7InVybCI6Imh0dHA6Ly90ZXh0dXJlcy5taW5lY3JhZnQubmV0L3RleHR1cmUvODYzYmQ5Y2JjYWMzOGIzYWQ0MzVkMTY5ODVmZGE4YzVkMjQ4ZWM5ZWE0NzkxNTE2M2NmYTc4YTM4MTAzNmNhOCJ9fX0="
          }
        ]
      }
    }
  }
}