{
  "type": "minecraft:stonecutting",
  "ingredient": "minecraft:gravel",
  "result": {
    "count": 8,
    "id": "minecraft:player_head",
    "components": {
      "custom_name": "{'text': 'Mini Gravel', 'color': 'white', 'italic': false}",
      "note_block_sound": "minecraft:block.gravel.hit",
      "profile": {
        "properties": [
          {
            "name": "textures",
            "value": "eyJ0ZXh0dXJlcyI6eyJTS0lOIjp7InVybCI6Imh0dHA6Ly90ZXh0dXJlcy5taW5lY3JhZnQubmV0L3RleHR1cmUvN2U0YThlNTFlMjg5OTA2OGU4MjNjODE4ZGIxYTBkYjk0NDdkMmYxNmY0YTE1NzhlNWQxNDYxZDcxNDc2NWU2MiJ9fX0="
          }
        ]
      }
    }
  }
}