{
  "type": "minecraft:stonecutting",
  "ingredient": "minecraft:gray_terracotta",
  "result": {
    "count": 8,
    "id": "minecraft:player_head",
    "components": {
      "custom_name": "{'text': 'Mini gray Terracotta', 'color': 'white', 'italic': false}",
      "note_block_sound": "minecraft:block.stone.hit",
      "profile": {
        "properties": [
          {
            "name": "textures",
            "value": "eyJ0ZXh0dXJlcyI6eyJTS0lOIjp7InVybCI6Imh0dHA6Ly90ZXh0dXJlcy5taW5lY3JhZnQubmV0L3RleHR1cmUvYWE0Y2U4MGI0ZDhhNzQ5MTYxZWYyNmQ0ZDE4ZGNmYzk1NGQ2OWNjYTVhMjc4YTQ0ZjZhYTc3NGQ4NmY5OTliOSJ9fX0="
          }
        ]
      }
    }
  }
}