{
  "type": "minecraft:stonecutting",
  "ingredient": "minecraft:gray_concrete_powder",
  "result": {
    "count": 8,
    "id": "minecraft:player_head",
    "components": {
      "custom_name": "{'text': 'Mini Gray Concrete Powder', 'color': 'white', 'italic': false}",
      "note_block_sound": "minecraft:block.sand.hit",
      "profile": {
        "properties": [
          {
            "name": "textures",
            "value": "eyJ0ZXh0dXJlcyI6eyJTS0lOIjp7InVybCI6Imh0dHA6Ly90ZXh0dXJlcy5taW5lY3JhZnQubmV0L3RleHR1cmUvMzZkYzZkNDI0OTU4MTdiOGQ0ZGIxMzExMTE1ZDFmNWNmYmVkZTY4MzIxOTJiNTJmMzJkNDhlZjdkOGI1ZCJ9fX0="
          }
        ]
      }
    }
  }
}