{
  "type": "minecraft:stonecutting",
  "ingredient": "minecraft:gray_concrete",
  "result": {
    "count": 8,
    "id": "minecraft:player_head",
    "components": {
      "custom_name": "{'text': 'Mini Gray Concrete', 'color': 'white', 'italic': false}",
      "note_block_sound": "minecraft:block.stone.hit",
      "profile": {
        "properties": [
          {
            "name": "textures",
            "value": "eyJ0ZXh0dXJlcyI6eyJTS0lOIjp7InVybCI6Imh0dHA6Ly90ZXh0dXJlcy5taW5lY3JhZnQubmV0L3RleHR1cmUvYzA2ZDdiZWZjODJmMjAxZjgzZTE5Mzc2N2U2M2Y4MTAzNzIxNWFmZDQ4M2EzOGQzNjk2NTk4MmNhNmQwIn19fQ=="
          }
        ]
      }
    }
  }
}