{
  "type": "minecraft:stonecutting",
  "ingredient": "minecraft:green_stained_glass",
  "result": {
    "count": 8,
    "id": "minecraft:player_head",
    "components": {
      "custom_name": "{'text': 'Mini Green Stained Glass', 'color': 'white', 'italic': false}",
      "note_block_sound": "minecraft:block.glass.break",
      "profile": {
        "properties": [
          {
            "name": "textures",
            "value": "eyJ0ZXh0dXJlcyI6eyJTS0lOIjp7InVybCI6Imh0dHA6Ly90ZXh0dXJlcy5taW5lY3JhZnQubmV0L3RleHR1cmUvZTFmMjczMzdkMWUxYTk3YjY3YmYzM2Q0NTE3Y2UwYzIxZGU4MmI3MGUzYmZkNDVhMjIyMDFhNGQwNTZiNjAwYyJ9fX0="
          }
        ]
      }
    }
  }
}