{
  "type": "minecraft:stonecutting",
  "ingredient": "minecraft:green_wool",
  "result": {
    "count": 8,
    "id": "minecraft:player_head",
    "components": {
      "custom_name": "{'text': 'Mini Green Wool', 'color': 'white', 'italic': false}",
      "note_block_sound": "minecraft:block.wool.hit",
      "profile": {
        "properties": [
          {
            "name": "textures",
            "value": "eyJ0ZXh0dXJlcyI6eyJTS0lOIjp7InVybCI6Imh0dHA6Ly90ZXh0dXJlcy5taW5lY3JhZnQubmV0L3RleHR1cmUvYzI0NTAzNjc4MmM2YTdlMjVmZjg0YzUwODdhNjU5NjZkNjUwYzAzM2JhMzdlMDA5NjVlOGI5OTAyMWIzZWNhZSJ9fX0="
          }
        ]
      }
    }
  }
}