{
  "type": "minecraft:stonecutting",
  "ingredient": "minecraft:grindstone",
  "result": {
    "count": 8,
    "id": "minecraft:player_head",
    "components": {
      "custom_name": "{'text': 'Mini Grindstone', 'color': 'white', 'italic': false}",
      "note_block_sound": "minecraft:block.grindstone.use",
      "profile": {
        "properties": [
          {
            "name": "textures",
            "value": "eyJ0ZXh0dXJlcyI6eyJTS0lOIjp7InVybCI6Imh0dHA6Ly90ZXh0dXJlcy5taW5lY3JhZnQubmV0L3RleHR1cmUvOGU5OWJmYTYxZmU1NTJmMWU2NjM2YjAzZmJlNDBmNGU0NzBjM2IzY2IxNGY3MGU5MDEyODEzNzkwZWFkNTY4ZiJ9fX0="
          }
        ]
      }
    }
  }
}