{
  "type": "minecraft:stonecutting",
  "ingredient": "minecraft:howl_pottery_sherd",
  "result": {
    "count": 1,
    "id": "minecraft:player_head",
    "components": {
      "custom_name": "{'text': 'Mini Howl Decorated Pot', 'color': 'white', 'italic': false}",
      "note_block_sound": "minecraft:block.decorated_pot.hit",
      "profile": {
        "properties": [
          {
            "name": "textures",
            "value": "eyJ0ZXh0dXJlcyI6eyJTS0lOIjp7InVybCI6Imh0dHA6Ly90ZXh0dXJlcy5taW5lY3JhZnQubmV0L3RleHR1cmUvZjk5Yjg2NzRlZGViNGM0ZjUzYzdlZDE3NDIzNzE1ODY0ZjY1ZDkwYWFkMTM5NGE5MjEzOGM5MmI3ZjIzMmEyZCJ9fX0="
          }
        ]
      }
    }
  }
}