{
  "type": "minecraft:stonecutting",
  "ingredient": "minecraft:iron_ore",
  "result": {
    "count": 8,
    "id": "minecraft:player_head",
    "components": {
      "custom_name": "{'text': 'Mini Iron Ore', 'color': 'white', 'italic': false}",
      "note_block_sound": "minecraft:block.stone.hit",
      "profile": {
        "properties": [
          {
            "name": "textures",
            "value": "eyJ0ZXh0dXJlcyI6eyJTS0lOIjp7InVybCI6Imh0dHA6Ly90ZXh0dXJlcy5taW5lY3JhZnQubmV0L3RleHR1cmUvYWQwNDA5ZmZiMGZmMTBlNTliNzIwY2U0MThhNDQ5NWM5MjI3YzdlNzQ1YTFiNTVmMzZjNzYwODliMDNmZTA0NCJ9fX0="
          }
        ]
      }
    }
  }
}