{
  "type": "minecraft:stonecutting",
  "ingredient": "minecraft:jack_o_lantern",
  "result": {
    "count": 8,
    "id": "minecraft:player_head",
    "components": {
      "custom_name": "{'text': 'Mini Jack o\\'Lantern', 'color': 'white', 'italic': false}",
      "note_block_sound": "minecraft:block.wood.hit",
      "profile": {
        "properties": [
          {
            "name": "textures",
            "value": "eyJ0ZXh0dXJlcyI6eyJTS0lOIjp7InVybCI6Imh0dHA6Ly90ZXh0dXJlcy5taW5lY3JhZnQubmV0L3RleHR1cmUvMTU2M2VlMGZkMzQxZGQxY2UwMjU1OGQ3MmU4ZDFlMDM0MmZmZjk0OWU3OGFlMGJmNTc1YjU0NzgyOTI0YzBlNSJ9fX0="
          }
        ]
      }
    }
  }
}