{
  "type": "minecraft:stonecutting",
  "ingredient": "minecraft:jukebox",
  "result": {
    "count": 8,
    "id": "minecraft:player_head",
    "components": {
      "custom_name": "{'text': 'Mini Jukebox', 'color': 'white', 'italic': false}",
      "note_block_sound": "minecraft:block.stone.hit",
      "profile": {
        "properties": [
          {
            "name": "textures",
            "value": "eyJ0ZXh0dXJlcyI6eyJTS0lOIjp7InVybCI6Imh0dHA6Ly90ZXh0dXJlcy5taW5lY3JhZnQubmV0L3RleHR1cmUvZThmNTY3MzM5ZjQ1NmNkNzk4NzVjNmRmMDM3NDI1MjAyMTIyYzhhNDE2YTRkNGU5ODcyMmNiMDFhYTVmODg5OCJ9fX0"
          }
        ]
      }
    }
  }
}