{
  "type": "minecraft:stonecutting",
  "ingredient": "minecraft:jungle_leaves",
  "result": {
    "count": 8,
    "id": "minecraft:player_head",
    "components": {
      "custom_name": "{'text': 'Mini Jungle Leaves', 'color': 'white', 'italic': false}",
      "note_block_sound": "minecraft:block.grass.hit",
      "profile": {
        "properties": [
          {
            "name": "textures",
            "value": "eyJ0ZXh0dXJlcyI6eyJTS0lOIjp7InVybCI6Imh0dHA6Ly90ZXh0dXJlcy5taW5lY3JhZnQubmV0L3RleHR1cmUvYzk1ZDcyMTAzZmM1NGY0MzQ2ODgwNTA1ODUyMzNlNzQxYWUyYzkxOTA1MDE4NDMzMzdhNmVmNzI3MDE0NzdlOCJ9fX0="
          }
        ]
      }
    }
  }
}