{
  "type": "minecraft:stonecutting",
  "ingredient": "minecraft:jungle_planks",
  "result": {
    "count": 8,
    "id": "minecraft:player_head",
    "components": {
      "custom_name": "{'text': 'Mini Jungle Planks', 'color': 'white', 'italic': false}",
      "note_block_sound": "minecraft:block.wood.hit",
      "profile": {
        "properties": [
          {
            "name": "textures",
            "value": "eyJ0ZXh0dXJlcyI6eyJTS0lOIjp7InVybCI6Imh0dHA6Ly90ZXh0dXJlcy5taW5lY3JhZnQubmV0L3RleHR1cmUvNjM3OTdmNWFhZTllZTkwNmViNTA2NmU3NDE2N2FjMGI2MGQ4NTc2ZjBkNGIyM2I0MTI0NDdmZDBmMjkwYmMwNyJ9fX0="
          }
        ]
      }
    }
  }
}