{
  "type": "minecraft:stonecutting",
  "ingredient": "minecraft:jungle_log",
  "result": {
    "count": 8,
    "id": "minecraft:player_head",
    "components": {
      "custom_name": "{'text': 'Mini Jungle Log (Horizontal)', 'color': 'white', 'italic': false}",
      "note_block_sound": "minecraft:block.wood.hit",
      "profile": {
        "properties": [
          {
            "name": "textures",
            "value": "eyJ0ZXh0dXJlcyI6eyJTS0lOIjp7InVybCI6Imh0dHA6Ly90ZXh0dXJlcy5taW5lY3JhZnQubmV0L3RleHR1cmUvYTljNmM0MmU2OTFhZWIwNzhiMGQ4NDg5NGIxMGI2NDNiYTM2YThiY2I4YjZiZWQ5MTE5YWUyYmRmYTg3YTlhNiJ9fX0="
          }
        ]
      }
    }
  }
}