{
  "type": "minecraft:stonecutting",
  "ingredient": "minecraft:lantern",
  "result": {
    "count": 1,
    "id": "minecraft:player_head",
    "components": {
      "custom_name": "{'text': 'Lantern', 'color': 'white', 'italic': false}",
      "note_block_sound": "minecraft:block.lantern.hit",
      "profile": {
        "properties": [
          {
            "name": "textures",
            "value": "eyJ0ZXh0dXJlcyI6eyJTS0lOIjp7InVybCI6Imh0dHA6Ly90ZXh0dXJlcy5taW5lY3JhZnQubmV0L3RleHR1cmUvNmVmN2I3OTU4YTkzNTIxYjBhNmU5M2ZiNjMxMzhmNDhmNGYxMWY0YWQ1ZWRiMDE5MGE4MzRlZGFkMWIxNmRhYyJ9fX0="
          }
        ]
      }
    }
  }
}