{
  "type": "minecraft:stonecutting",
  "ingredient": "minecraft:magma_block",
  "result": {
    "count": 8,
    "id": "minecraft:player_head",
    "components": {
      "custom_name": "{'text': 'Mini Lava', 'color': 'white', 'italic': false}",
      "note_block_sound": "minecraft:block.lava.ambient",
      "profile": {
        "properties": [
          {
            "name": "textures",
            "value": "eyJ0ZXh0dXJlcyI6eyJTS0lOIjp7InVybCI6Imh0dHA6Ly90ZXh0dXJlcy5taW5lY3JhZnQubmV0L3RleHR1cmUvMzI4MjM4ZGZhNWVkNTE4NDA2M2NmY2IzMjliZDFjNmMzNGRiOGViZGRlMzYwNzc4YmE4ZmVjZjE1ZjQ2NDViMiJ9fX0="
          }
        ]
      }
    }
  }
}