{
  "type": "minecraft:stonecutting",
  "ingredient": "minecraft:light_blue_concrete",
  "result": {
    "count": 8,
    "id": "minecraft:player_head",
    "components": {
      "custom_name": "{'text': 'Mini Light Blue Concrete', 'color': 'white', 'italic': false}",
      "note_block_sound": "minecraft:block.stone.hit",
      "profile": {
        "properties": [
          {
            "name": "textures",
            "value": "eyJ0ZXh0dXJlcyI6eyJTS0lOIjp7InVybCI6Imh0dHA6Ly90ZXh0dXJlcy5taW5lY3JhZnQubmV0L3RleHR1cmUvZjQ3N2Y0NDM4OTM2MmM0Yzc2NGM4NDdhOTczOWJjNzhjMzI0NjdlYWI0ZTM4MzBhZTRjOGJlYWMzNDQyZWY5In19fQ=="
          }
        ]
      }
    }
  }
}