{
  "type": "minecraft:stonecutting",
  "ingredient": "minecraft:light_gray_glazed_terracotta",
  "result": {
    "count": 8,
    "id": "minecraft:player_head",
    "components": {
      "custom_name": "{'text': 'Mini Light Gray Glazed Terracotta', 'color': 'white', 'italic': false}",
      "note_block_sound": "minecraft:block.stone.hit",
      "profile": {
        "properties": [
          {
            "name": "textures",
            "value": "eyJ0ZXh0dXJlcyI6eyJTS0lOIjp7InVybCI6Imh0dHA6Ly90ZXh0dXJlcy5taW5lY3JhZnQubmV0L3RleHR1cmUvNjRjMDRkNmViNWI2ODUyODQzNzBkMDMyY2RiNjljZjJkNGZkMWFlMDA0NTc0ZmI0NDIyZjJiNTU3N2RkMTkzMiJ9fX0="
          }
        ]
      }
    }
  }
}