{
  "type": "minecraft:stonecutting",
  "ingredient": "minecraft:lime_concrete_powder",
  "result": {
    "count": 8,
    "id": "minecraft:player_head",
    "components": {
      "custom_name": "{'text': 'Mini Lime Concrete Powder', 'color': 'white', 'italic': false}",
      "note_block_sound": "minecraft:block.sand.hit",
      "profile": {
        "properties": [
          {
            "name": "textures",
            "value": "eyJ0ZXh0dXJlcyI6eyJTS0lOIjp7InVybCI6Imh0dHA6Ly90ZXh0dXJlcy5taW5lY3JhZnQubmV0L3RleHR1cmUvOWNiODFhMzVkMmI0OGQ1ZmQ4MTI0OTM2OTQzM2MwNzhiN2M4YmY0MmRmNWFhOWMzNzVjMWFjODVmNDUxNCJ9fX0="
          }
        ]
      }
    }
  }
}