{
  "type": "minecraft:stonecutting",
  "ingredient": "minecraft:redstone_lamp",
  "result": {
    "count": 8,
    "id": "minecraft:player_head",
    "components": {
      "custom_name": "{'text': 'Mini Lit Redstone Lamp', 'color': 'white', 'italic': false}",
      "note_block_sound": "minecraft:block.glass.break",
      "profile": {
        "properties": [
          {
            "name": "textures",
            "value": "eyJ0ZXh0dXJlcyI6eyJTS0lOIjp7InVybCI6Imh0dHA6Ly90ZXh0dXJlcy5taW5lY3JhZnQubmV0L3RleHR1cmUvZjcyZGM1ZDJjYzM0NTcxYWRhODA1ZjllZmFlOWY4YzVjZjA4MTU5ZjNhY2MwOGMwMDY1MjY5NDIxYjVjYjM4YyJ9fX0="
          }
        ]
      }
    }
  }
}