{
  "type": "minecraft:stonecutting",
  "ingredient": "minecraft:loom",
  "result": {
    "count": 8,
    "id": "minecraft:player_head",
    "components": {
      "custom_name": "{'text': 'Mini Loom', 'color': 'white', 'italic': false}",
      "note_block_sound": "minecraft:ui.loom.take_result",
      "profile": {
        "properties": [
          {
            "name": "textures",
            "value": "eyJ0ZXh0dXJlcyI6eyJTS0lOIjp7InVybCI6Imh0dHA6Ly90ZXh0dXJlcy5taW5lY3JhZnQubmV0L3RleHR1cmUvZmZjMDE0NDhkNjQ3N2UxZjdhM2QyMDdmMjM1MGEwNjZkZmE5NTA5MGQzNDBkNDUxNTUzY2UwNWU3MDBiYjczMSJ9fX0="
          }
        ]
      }
    }
  }
}