{
  "type": "minecraft:stonecutting",
  "ingredient": "minecraft:mud_brick_stairs",
  "result": {
    "count": 6,
    "id": "minecraft:player_head",
    "components": {
      "custom_name": "{'text': 'Mini Mud Bricks', 'color': 'white', 'italic': false}",
      "note_block_sound": "minecraft:block.mud_bricks.hit",
      "profile": {
        "properties": [
          {
            "name": "textures",
            "value": "eyJ0ZXh0dXJlcyI6eyJTS0lOIjp7InVybCI6Imh0dHA6Ly90ZXh0dXJlcy5taW5lY3JhZnQubmV0L3RleHR1cmUvM2I5NDkxYTAwMGNiMWIzYjJmYThhOWFlZTFlZTUyZGM4YTlkZWZmZjQ4OTdlYzRjZTQ4OGNjY2QxZTZiODNjYyJ9fX0="
          }
        ]
      }
    }
  }
}