{
  "type": "minecraft:stonecutting",
  "ingredient": "minecraft:mycelium",
  "result": {
    "count": 8,
    "id": "minecraft:player_head",
    "components": {
      "custom_name": "{'text': 'Mini Mycelium', 'color': 'white', 'italic': false}",
      "note_block_sound": "minecraft:block.grass.hit",
      "profile": {
        "properties": [
          {
            "name": "textures",
            "value": "eyJ0ZXh0dXJlcyI6eyJTS0lOIjp7InVybCI6Imh0dHA6Ly90ZXh0dXJlcy5taW5lY3JhZnQubmV0L3RleHR1cmUvYTNjMDc3ZWQ2ZDk5NjIyMzBkOWQ4NjcwYmFkODc2YzMzOTQxZmM5Y2ZiMTdlNmVkMGE4MDUyN2M2OTE4NTQ3OCJ9fX0="
          }
        ]
      }
    }
  }
}