{
  "type": "minecraft:stonecutting",
  "ingredient": "minecraft:nether_brick_stairs",
  "result": {
    "count": 6,
    "id": "minecraft:player_head",
    "components": {
      "custom_name": "{'text': 'Mini Nether Bricks', 'color': 'white', 'italic': false}",
      "note_block_sound": "minecraft:block.nether_bricks.hit",
      "profile": {
        "properties": [
          {
            "name": "textures",
            "value": "eyJ0ZXh0dXJlcyI6eyJTS0lOIjp7InVybCI6Imh0dHA6Ly90ZXh0dXJlcy5taW5lY3JhZnQubmV0L3RleHR1cmUvN2NlNDZmZTNlNzU4MjYwZTYwMGE4OWMzM2QxM2UxZjYyN2ZkMDYxZDVlMGRkNzhiYWI4ODk5NTUxZTg0YWEwOCJ9fX0="
          }
        ]
      }
    }
  }
}