{
  "type": "minecraft:stonecutting",
  "ingredient": "minecraft:observer",
  "result": {
    "count": 8,
    "id": "minecraft:player_head",
    "components": {
      "custom_name": "{'text': 'Mini Observer', 'color': 'white', 'italic': false}",
      "note_block_sound": "minecraft:block.stone.hit",
      "profile": {
        "properties": [
          {
            "name": "textures",
            "value": "eyJ0ZXh0dXJlcyI6eyJTS0lOIjp7InVybCI6Imh0dHA6Ly90ZXh0dXJlcy5taW5lY3JhZnQubmV0L3RleHR1cmUvYmE5YzkzYTJhMzY0NDU2OTA4NDEwN2I3YjRkODAyNjE0NDk4ODRkOWZiYzM0YWRiZDg4YzYzNDIwNDUyMDJiMyJ9fX0="
          }
        ]
      }
    }
  }
}