{
  "type": "minecraft:stonecutting",
  "ingredient": "minecraft:obsidian",
  "result": {
    "count": 8,
    "id": "minecraft:player_head",
    "components": {
      "custom_name": "{'text': 'Mini Obsidian', 'color': 'white', 'italic': false}",
      "note_block_sound": "minecraft:block.stone.hit",
      "profile": {
        "properties": [
          {
            "name": "textures",
            "value": "eyJ0ZXh0dXJlcyI6eyJTS0lOIjp7InVybCI6Imh0dHA6Ly90ZXh0dXJlcy5taW5lY3JhZnQubmV0L3RleHR1cmUvODRjMzA4NTVmODliNDkwYzZmZjIzMmRmM2QzZWM3NDMzYWI2MzYxMGE5YTk1N2M4OGE2Y2Q0MzI3YjA2YTQ5ZSJ9fX0="
          }
        ]
      }
    }
  }
}