{
  "type": "minecraft:stonecutting",
  "ingredient": "minecraft:orange_glazed_terracotta",
  "result": {
    "count": 8,
    "id": "minecraft:player_head",
    "components": {
      "custom_name": "{'text': 'Mini Orange Glazed Terracotta', 'color': 'white', 'italic': false}",
      "note_block_sound": "minecraft:block.stone.hit",
      "profile": {
        "properties": [
          {
            "name": "textures",
            "value": "eyJ0ZXh0dXJlcyI6eyJTS0lOIjp7InVybCI6Imh0dHA6Ly90ZXh0dXJlcy5taW5lY3JhZnQubmV0L3RleHR1cmUvNGFlYjA0ZGU4MTljMTc3NjY4YzUxMzkyNjQzN2QwZWNjMTY4NGUwMjRkMWQ4NjdhZjQ1OTAxY2I0NjFiYjQ3NSJ9fX0="
          }
        ]
      }
    }
  }
}