{
  "type": "minecraft:stonecutting",
  "ingredient": "minecraft:orange_terracotta",
  "result": {
    "count": 8,
    "id": "minecraft:player_head",
    "components": {
      "custom_name": "{'text': 'Mini Orange Terracotta', 'color': 'white', 'italic': false}",
      "note_block_sound": "minecraft:block.stone.hit",
      "profile": {
        "properties": [
          {
            "name": "textures",
            "value": "eyJ0ZXh0dXJlcyI6eyJTS0lOIjp7InVybCI6Imh0dHA6Ly90ZXh0dXJlcy5taW5lY3JhZnQubmV0L3RleHR1cmUvOTFlZWNiZWEzODJhZDIyMmY1NWM5MTdiNGVhYTI5ZWFlMGQ0YjY3M2I2ZDYwZmVhMmIxMTM2MDAzNjMyMTE2NiJ9fX0="
          }
        ]
      }
    }
  }
}