{
  "type": "minecraft:stonecutting",
  "ingredient": "minecraft:oxidized_copper_bulb",
  "result": {
    "count": 8,
    "id": "minecraft:player_head",
    "components": {
      "custom_name": "{'text': 'Mini Oxidized Copper Bulb (Lit)', 'color': 'white', 'italic': false}",
      "note_block_sound": "minecraft:block.copper_bulb.hit",
      "profile": {
        "properties": [
          {
            "name": "textures",
            "value": "eyJ0ZXh0dXJlcyI6eyJTS0lOIjp7InVybCI6Imh0dHA6Ly90ZXh0dXJlcy5taW5lY3JhZnQubmV0L3RleHR1cmUvODk4ZTMzNzRkM2ViNGViNGExZDNkMzc1YTMxZGU2ODE0ZmRjNjRkZTg5Njc2MzlhMzM4NzIzZjZlN2ZlMzQzMyJ9fX0="
          }
        ]
      }
    }
  }
}