{
  "type": "minecraft:stonecutting",
  "ingredient": "minecraft:oxidized_copper_grate",
  "result": {
    "count": 8,
    "id": "minecraft:player_head",
    "components": {
      "custom_name": "{'text': 'Mini Oxidized Copper Grate', 'color': 'white', 'italic': false}",
      "note_block_sound": "minecraft:block.copper_grate.hit",
      "profile": {
        "properties": [
          {
            "name": "textures",
            "value": "eyJ0ZXh0dXJlcyI6eyJTS0lOIjp7InVybCI6Imh0dHA6Ly90ZXh0dXJlcy5taW5lY3JhZnQubmV0L3RleHR1cmUvNmY0ODBhZGM3YmMwYWUzNGJjZDlkZmUzY2JjMmQ3ZGFmNDkzZGFiY2UwMjM5NWI2ZWU0ZjNmYzYyMTVkNDdjMyJ9fX0="
          }
        ]
      }
    }
  }
}