{
  "type": "minecraft:stonecutting",
  "ingredient": "minecraft:pale_oak_log",
  "result": {
    "count": 8,
    "id": "minecraft:player_head",
    "components": {
      "custom_name": "{'text': 'Mini Pale Oak Log', 'color': 'white', 'italic': false}",
      "note_block_sound": "minecraft:block.wood.hit",
      "profile": {
        "properties": [
          {
            "name": "textures",
            "value": "eyJ0ZXh0dXJlcyI6eyJTS0lOIjp7InVybCI6Imh0dHA6Ly90ZXh0dXJlcy5taW5lY3JhZnQubmV0L3RleHR1cmUvYjM3YzM3NzJkNTcxNWQwYjRkMGFhMzAwNjgzNjM2MTJhYWYxMDIwOTU5MmM3OWE1ZDYzY2Y1YWQzN2Y1MjgwOCJ9fX0="
          }
        ]
      }
    }
  }
}