{
  "type": "minecraft:stonecutting",
  "ingredient": "minecraft:pearlescent_froglight",
  "result": {
    "count": 8,
    "id": "minecraft:player_head",
    "components": {
      "custom_name": "{'text': 'Mini Pearlescent Froglight', 'color': 'white', 'italic': false}",
      "note_block_sound": "minecraft:block.froglight.hit",
      "profile": {
        "properties": [
          {
            "name": "textures",
            "value": "eyJ0ZXh0dXJlcyI6eyJTS0lOIjp7InVybCI6Imh0dHA6Ly90ZXh0dXJlcy5taW5lY3JhZnQubmV0L3RleHR1cmUvZTVkNzIwM2UzNTlkM2NmYTE1OTU1ZmU2NDAyMDRlMTk3NTZhNGRkMGE3ZGJhNzQ2YTZhMzY2YTM1YzZiY2VlNCJ9fX0="
          }
        ]
      }
    }
  }
}