{
  "type": "minecraft:stonecutting",
  "ingredient": "minecraft:pink_shulker_box",
  "result": {
    "count": 8,
    "id": "minecraft:player_head",
    "components": {
      "custom_name": "{'text': 'Mini Pink Shulker Box', 'color': 'white', 'italic': false}",
      "note_block_sound": "minecraft:block.shulker_box.open",
      "profile": {
        "properties": [
          {
            "name": "textures",
            "value": "eyJ0ZXh0dXJlcyI6eyJTS0lOIjp7InVybCI6Imh0dHA6Ly90ZXh0dXJlcy5taW5lY3JhZnQubmV0L3RleHR1cmUvYTM3NGNmMjk5ODc0YWY2MDA2MDhhY2ZiNTUxNjkyMzdmZGEyNDRjY2NhMGUyM2FhMDhjMmUzMzViZDczNDA2YiJ9fX0="
          }
        ]
      }
    }
  }
}