{
  "type": "minecraft:stonecutting",
  "ingredient": "minecraft:pitcher_plant",
  "result": {
    "count": 1,
    "id": "minecraft:player_head",
    "components": {
      "custom_name": "{'text': 'Pitcher Plant', 'color': 'white', 'italic': false}",
      "note_block_sound": "minecraft:block.crop.break",
      "profile": {
        "properties": [
          {
            "name": "textures",
            "value": "eyJ0ZXh0dXJlcyI6eyJTS0lOIjp7InVybCI6Imh0dHA6Ly90ZXh0dXJlcy5taW5lY3JhZnQubmV0L3RleHR1cmUvN2MzNmFjN2Q3ZWNlNjFiZDBkODVlYTIyZmU0MzMwYmFkYWIxN2EwMzZiNmE3ZjQyZmJkYjg1OGY0NDRhOTAxYiJ9fX0="
          }
        ]
      }
    }
  }
}