{
  "type": "minecraft:stonecutting",
  "ingredient": "minecraft:polished_tuff",
  "result": {
    "count": 8,
    "id": "minecraft:player_head",
    "components": {
      "custom_name": "{'text': 'Mini Polished Tuff', 'color': 'white', 'italic': false}",
      "note_block_sound": "minecraft:block.polished_tuff.hit",
      "profile": {
        "properties": [
          {
            "name": "textures",
            "value": "eyJ0ZXh0dXJlcyI6eyJTS0lOIjp7InVybCI6Imh0dHA6Ly90ZXh0dXJlcy5taW5lY3JhZnQubmV0L3RleHR1cmUvMTZlODQzZjk3Yjk3YTUzY2YyYmU4NmRiMTc5YWIyYjhmNzRiN2MzM2FlYmMxZmVhNzAwNDJlYzllNWRhNzg0NyJ9fX0="
          }
        ]
      }
    }
  }
}