{
  "type": "minecraft:stonecutting",
  "ingredient": "minecraft:polished_blackstone_stairs",
  "result": {
    "count": 6,
    "id": "minecraft:player_head",
    "components": {
      "custom_name": "{'text': 'Mini Polished Blackstone', 'color': 'white', 'italic': false}",
      "note_block_sound": "minecraft:block.stone.hit",
      "profile": {
        "properties": [
          {
            "name": "textures",
            "value": "eyJ0ZXh0dXJlcyI6eyJTS0lOIjp7InVybCI6Imh0dHA6Ly90ZXh0dXJlcy5taW5lY3JhZnQubmV0L3RleHR1cmUvMWJiY2FhNDExN2UzNTA0NTI1OTNkMjA5MjcxMzM4NWMwYTQxM2NiNjJiYjljNDMyYTk3OWRiYTRlYjJkM2JjMiJ9fX0="
          }
        ]
      }
    }
  }
}