{
  "type": "minecraft:stonecutting",
  "ingredient": "minecraft:polished_blackstone_bricks",
  "result": {
    "count": 8,
    "id": "minecraft:player_head",
    "components": {
      "custom_name": "{'text': 'Mini Polished Blackstone Bricks', 'color': 'white', 'italic': false}",
      "note_block_sound": "minecraft:block.stone.hit",
      "profile": {
        "properties": [
          {
            "name": "textures",
            "value": "eyJ0ZXh0dXJlcyI6eyJTS0lOIjp7InVybCI6Imh0dHA6Ly90ZXh0dXJlcy5taW5lY3JhZnQubmV0L3RleHR1cmUvNzk3NzUwYTI4NGZmNDAzOGNiMDM1ZjFkNmRiMDQ5M2ZmNTM5YzhhOTNhZTNjZGE2MTg2ZGYwYmU2MTYyYzMwNCJ9fX0="
          }
        ]
      }
    }
  }
}