{
  "type": "minecraft:stonecutting",
  "ingredient": "minecraft:polished_granite_slab",
  "result": {
    "count": 4,
    "id": "minecraft:player_head",
    "components": {
      "custom_name": "{'text': 'Mini Polished Granite', 'color': 'white', 'italic': false}",
      "note_block_sound": "minecraft:block.stone.hit",
      "profile": {
        "properties": [
          {
            "name": "textures",
            "value": "eyJ0ZXh0dXJlcyI6eyJTS0lOIjp7InVybCI6Imh0dHA6Ly90ZXh0dXJlcy5taW5lY3JhZnQubmV0L3RleHR1cmUvNDY4MTUxZjIxMzc2MGVlYWMwNWZiODYzZmU5ODVjMmMzNzM4OGM5MDVjODMxZDgwNWJjODA1ODkwY2Y4ZTllMyJ9fX0="
          }
        ]
      }
    }
  }
}