{
  "type": "minecraft:stonecutting",
  "ingredient": "minecraft:polished_basalt",
  "result": {
    "count": 8,
    "id": "minecraft:player_head",
    "components": {
      "custom_name": "{'text': 'Mini Polished Basalt', 'color': 'white', 'italic': false}",
      "note_block_sound": "minecraft:block.basalt.hit",
      "profile": {
        "properties": [
          {
            "name": "textures",
            "value": "eyJ0ZXh0dXJlcyI6eyJTS0lOIjp7InVybCI6Imh0dHA6Ly90ZXh0dXJlcy5taW5lY3JhZnQubmV0L3RleHR1cmUvZWVkNTYxMDVkMDY3OGFlNDBiNjZjNDQzMTE3ZTgwYTgxY2UyYzgyNTUzMzY2YWRjOGQ0NDc2ZmRjNWYxODFjOSJ9fX0="
          }
        ]
      }
    }
  }
}