{
  "type": "minecraft:stonecutting",
  "ingredient": "minecraft:prismarine_bricks",
  "result": {
    "count": 8,
    "id": "minecraft:player_head",
    "components": {
      "custom_name": "{'text': 'Mini Prismarine Bricks', 'color': 'white', 'italic': false}",
      "note_block_sound": "minecraft:block.stone.hit",
      "profile": {
        "properties": [
          {
            "name": "textures",
            "value": "eyJ0ZXh0dXJlcyI6eyJTS0lOIjp7InVybCI6Imh0dHA6Ly90ZXh0dXJlcy5taW5lY3JhZnQubmV0L3RleHR1cmUvMWJkYTMyOTNlYzZhMDAzMzJlNjk4NjJjNzJhNGZmN2IxZDRhODBlZTY1YTRlMGU1MTViNTc0MzhiOTYxODcxYSJ9fX0="
          }
        ]
      }
    }
  }
}