{
  "type": "minecraft:stonecutting",
  "ingredient": "minecraft:prismarine_stairs",
  "result": {
    "count": 6,
    "id": "minecraft:player_head",
    "components": {
      "custom_name": "{'text': 'Mini Prismarine', 'color': 'white', 'italic': false}",
      "note_block_sound": "minecraft:block.stone.hit",
      "profile": {
        "properties": [
          {
            "name": "textures",
            "value": "eyJ0ZXh0dXJlcyI6eyJTS0lOIjp7InVybCI6Imh0dHA6Ly90ZXh0dXJlcy5taW5lY3JhZnQubmV0L3RleHR1cmUvZTg2MjJmMzM3MTU1OGRjNGM3NDMxYzMyZTM1ZTc0YmVhZWE2NjA4MmMzZTRjY2NmNzAwNjIzMWY4ZjIzODNhZSJ9fX0="
          }
        ]
      }
    }
  }
}