{
  "type": "minecraft:stonecutting",
  "ingredient": "minecraft:prize_pottery_sherd",
  "result": {
    "count": 1,
    "id": "minecraft:player_head",
    "components": {
      "custom_name": "{'text': 'Mini Prize Decorated Pot', 'color': 'white', 'italic': false}",
      "note_block_sound": "minecraft:block.decorated_pot.hit",
      "profile": {
        "properties": [
          {
            "name": "textures",
            "value": "eyJ0ZXh0dXJlcyI6eyJTS0lOIjp7InVybCI6Imh0dHA6Ly90ZXh0dXJlcy5taW5lY3JhZnQubmV0L3RleHR1cmUvZDIzODRkYTg4ZDc2ZTdjZmI4YzRkNzA3ZTg1ZjJiZTg1ZWVkMDYyNWU3Y2M0MzQ1NGYyZDExZDk4ZGEzN2FiZSJ9fX0="
          }
        ]
      }
    }
  }
}