{
  "type": "minecraft:stonecutting",
  "ingredient": "minecraft:pumpkin",
  "result": {
    "count": 8,
    "id": "minecraft:player_head",
    "components": {
      "custom_name": "{'text': 'Mini Pumpkin', 'color': 'white', 'italic': false}",
      "note_block_sound": "minecraft:block.wood.hit",
      "profile": {
        "properties": [
          {
            "name": "textures",
            "value": "eyJ0ZXh0dXJlcyI6eyJTS0lOIjp7InVybCI6Imh0dHA6Ly90ZXh0dXJlcy5taW5lY3JhZnQubmV0L3RleHR1cmUvYjliZTU1MDUzMTg4OGQ2MzI1NzE3Yjc1M2U2MjUyZTM4MDg2NzM2OWRlMDEyMjVmYTQwMmUxYWVlYzZmYWY3OSJ9fX0="
          }
        ]
      }
    }
  }
}