{
  "type": "minecraft:stonecutting",
  "ingredient": "minecraft:purpur_pillar",
  "result": {
    "count": 8,
    "id": "minecraft:player_head",
    "components": {
      "custom_name": "{'text': 'Mini Purpur Pillar (Horizontal)', 'color': 'white', 'italic': false}",
      "note_block_sound": "minecraft:block.stone.hit",
      "profile": {
        "properties": [
          {
            "name": "textures",
            "value": "eyJ0ZXh0dXJlcyI6eyJTS0lOIjp7InVybCI6Imh0dHA6Ly90ZXh0dXJlcy5taW5lY3JhZnQubmV0L3RleHR1cmUvZjQ1ZmY5N2Y0ZmVhZmI5ZDFiYmIxODUwNjMyNzhiOTI2ZDlmZTc3ZTU3YzgwZmE1ZGUyMDQ2NmZjNWYxNjU0YSJ9fX0="
          }
        ]
      }
    }
  }
}