{
  "type": "minecraft:stonecutting",
  "ingredient": "minecraft:purple_stained_glass",
  "result": {
    "count": 8,
    "id": "minecraft:player_head",
    "components": {
      "custom_name": "{'text': 'Mini Purple Stained Glass', 'color': 'white', 'italic': false}",
      "note_block_sound": "minecraft:block.glass.break",
      "profile": {
        "properties": [
          {
            "name": "textures",
            "value": "eyJ0ZXh0dXJlcyI6eyJTS0lOIjp7InVybCI6Imh0dHA6Ly90ZXh0dXJlcy5taW5lY3JhZnQubmV0L3RleHR1cmUvZjY3MTAzMjVhNzRkOTFmN2Y5MTUwZGQwY2VlNDlkMTE1ZTVmOGJhOWIzNjg4MzU2MTA4MDJmNGMyOTY2MTVlYyJ9fX0="
          }
        ]
      }
    }
  }
}