{
  "type": "minecraft:stonecutting",
  "ingredient": "minecraft:purple_shulker_box",
  "result": {
    "count": 8,
    "id": "minecraft:player_head",
    "components": {
      "custom_name": "{'text': 'Mini Purple Shulker Box', 'color': 'white', 'italic': false}",
      "note_block_sound": "minecraft:block.shulker_box.open",
      "profile": {
        "properties": [
          {
            "name": "textures",
            "value": "eyJ0ZXh0dXJlcyI6eyJTS0lOIjp7InVybCI6Imh0dHA6Ly90ZXh0dXJlcy5taW5lY3JhZnQubmV0L3RleHR1cmUvMzBlZWQyMGI5NTg3MzYxMWMyYjYwZTU0ZjhkZjZmNGU2NjU0ZmI5NTc1ZmM0N2U2M2Y2MzMyN2Y5ZjZjNTZjZiJ9fX0="
          }
        ]
      }
    }
  }
}