{
  "type": "minecraft:stonecutting",
  "ingredient": "minecraft:purple_terracotta",
  "result": {
    "count": 8,
    "id": "minecraft:player_head",
    "components": {
      "custom_name": "{'text': 'Mini Purple Terracotta', 'color': 'white', 'italic': false}",
      "note_block_sound": "minecraft:block.stone.hit",
      "profile": {
        "properties": [
          {
            "name": "textures",
            "value": "eyJ0ZXh0dXJlcyI6eyJTS0lOIjp7InVybCI6Imh0dHA6Ly90ZXh0dXJlcy5taW5lY3JhZnQubmV0L3RleHR1cmUvMjcyYjczZTUxMGYxN2I2OWEyMGE1M2U4NWU2YzdhYWFhN2E5Mjg2NDg5ZmY3YzdjZjM5Yzc2ZDhlYjA1NzBkIn19fQ=="
          }
        ]
      }
    }
  }
}