{
  "type": "minecraft:stonecutting",
  "ingredient": "minecraft:quartz_stairs",
  "result": {
    "count": 6,
    "id": "minecraft:player_head",
    "components": {
      "custom_name": "{'text': 'Mini Quartz Block', 'color': 'white', 'italic': false}",
      "note_block_sound": "minecraft:block.stone.hit",
      "profile": {
        "properties": [
          {
            "name": "textures",
            "value": "eyJ0ZXh0dXJlcyI6eyJTS0lOIjp7InVybCI6Imh0dHA6Ly90ZXh0dXJlcy5taW5lY3JhZnQubmV0L3RleHR1cmUvZTIxMDY0NTlkMjI0N2I0M2M2MjhkY2Y2YzY4Zjc0YmI3MDY2OTQ4YWRhMTFkMzNhODA0OTUzY2I1YzYwZjY3YyJ9fX0="
          }
        ]
      }
    }
  }
}