{
  "type": "minecraft:stonecutting",
  "ingredient": "minecraft:quartz_pillar",
  "result": {
    "count": 8,
    "id": "minecraft:player_head",
    "components": {
      "custom_name": "{'text': 'Mini Quartz Pillar (Horizontal)', 'color': 'white', 'italic': false}",
      "note_block_sound": "minecraft:block.stone.hit",
      "profile": {
        "properties": [
          {
            "name": "textures",
            "value": "eyJ0ZXh0dXJlcyI6eyJTS0lOIjp7InVybCI6Imh0dHA6Ly90ZXh0dXJlcy5taW5lY3JhZnQubmV0L3RleHR1cmUvMjYwMTQ2NzUwMTEzNzc0YjQ0ZWE2ZWVlYjBiMGNlYTZkMmU1M2FiNjk5ZWJlMDQ1Y2FkNTJlOWRjOWI5NzYyNyJ9fX0="
          }
        ]
      }
    }
  }
}