{
  "type": "minecraft:stonecutting",
  "ingredient": "minecraft:quartz_pillar",
  "result": {
    "count": 8,
    "id": "minecraft:player_head",
    "components": {
      "custom_name": "{'text': 'Mini Quartz Pillar', 'color': 'white', 'italic': false}",
      "note_block_sound": "minecraft:block.stone.hit",
      "profile": {
        "properties": [
          {
            "name": "textures",
            "value": "eyJ0ZXh0dXJlcyI6eyJTS0lOIjp7InVybCI6Imh0dHA6Ly90ZXh0dXJlcy5taW5lY3JhZnQubmV0L3RleHR1cmUvZTIxYjZiMGU5MDIyY2Y0MDM2M2NjYTgzYmI2ZGM5ZTEzOWE1Y2FiODcxMWU3Yjc2NGE3NDAwMWI5MDYzODc2MiJ9fX0="
          }
        ]
      }
    }
  }
}