{
  "type": "minecraft:stonecutting",
  "ingredient": "minecraft:red_nether_bricks",
  "result": {
    "count": 8,
    "id": "minecraft:player_head",
    "components": {
      "custom_name": "{'text': 'Mini Red Nether Bricks', 'color': 'white', 'italic': false}",
      "note_block_sound": "minecraft:block.nether_bricks.hit",
      "profile": {
        "properties": [
          {
            "name": "textures",
            "value": "eyJ0ZXh0dXJlcyI6eyJTS0lOIjp7InVybCI6Imh0dHA6Ly90ZXh0dXJlcy5taW5lY3JhZnQubmV0L3RleHR1cmUvZDc3Njk5ZWZkNGI5NzBhMGQxYzY1YWVmYmNiY2U4ZDNiZWJhODhmMWJlYzI5YmZhODY0NTA4OGY2YjI1YmM2MSJ9fX0="
          }
        ]
      }
    }
  }
}