{
  "type": "minecraft:stonecutting",
  "ingredient": "minecraft:red_sand",
  "result": {
    "count": 8,
    "id": "minecraft:player_head",
    "components": {
      "custom_name": "{'text': 'Mini Red Sand', 'color': 'white', 'italic': false}",
      "note_block_sound": "minecraft:block.sand.hit",
      "profile": {
        "properties": [
          {
            "name": "textures",
            "value": "eyJ0ZXh0dXJlcyI6eyJTS0lOIjp7InVybCI6Imh0dHA6Ly90ZXh0dXJlcy5taW5lY3JhZnQubmV0L3RleHR1cmUvNDM5MzA5M2U4ZWU2NGVhZTBlNmNmYTUyZjI5ODhkMGQwNzZhNDI1YzQ0YmZhM2Q0MzQ0MGY3OTMxYzU0ZTU2YiJ9fX0="
          }
        ]
      }
    }
  }
}