{
  "type": "minecraft:stonecutting",
  "ingredient": "minecraft:red_sandstone_slab",
  "result": {
    "count": 4,
    "id": "minecraft:player_head",
    "components": {
      "custom_name": "{'text': 'Mini Red Sandstone', 'color': 'white', 'italic': false}",
      "note_block_sound": "minecraft:block.stone.hit",
      "profile": {
        "properties": [
          {
            "name": "textures",
            "value": "eyJ0ZXh0dXJlcyI6eyJTS0lOIjp7InVybCI6Imh0dHA6Ly90ZXh0dXJlcy5taW5lY3JhZnQubmV0L3RleHR1cmUvYmFmZTdiNjg4ZmU0NTU4YzI0M2VlOTVlMDdjMmVlYzYwNjA2MTI5NzFhMzk1NDJmY2Y3N2ZlMzJhMmZkZWE4YyJ9fX0="
          }
        ]
      }
    }
  }
}