{
  "type": "minecraft:stonecutting",
  "ingredient": "#mini_blocks:reinforced_deepslate_ingredients",
  "result": {
    "count": 8,
    "id": "minecraft:player_head",
    "components": {
      "custom_name": "{'text': 'Mini Reinforced Deepslate', 'color': 'white', 'italic': false}",
      "note_block_sound": "minecraft:block.deepslate.hit",
      "profile": {
        "properties": [
          {
            "name": "textures",
            "value": "eyJ0ZXh0dXJlcyI6eyJTS0lOIjp7InVybCI6Imh0dHA6Ly90ZXh0dXJlcy5taW5lY3JhZnQubmV0L3RleHR1cmUvNjlhODczZjI0OGMzOTExMjIxODg3OWNjOWMwMzM0N2VkMTZlN2Y2MDIzOTBhYzdhNjgwNmY4ZTg0OTI3OTRkNSJ9fX0="
          }
        ]
      }
    }
  }
}