{
  "type": "minecraft:stonecutting",
  "ingredient": "minecraft:resin_brick_stairs",
  "result": {
    "count": 6,
    "id": "minecraft:player_head",
    "components": {
      "custom_name": "{'text': 'Mini Resin Bricks', 'color': 'white', 'italic': false}",
      "note_block_sound": "minecraft:block.resin_bricks.hit",
      "profile": {
        "properties": [
          {
            "name": "textures",
            "value": "eyJ0ZXh0dXJlcyI6eyJTS0lOIjp7InVybCI6Imh0dHA6Ly90ZXh0dXJlcy5taW5lY3JhZnQubmV0L3RleHR1cmUvYjhlYzlhZWZmOWQxZWEyNWM4MjhkNTliZjQ1NTY3ZTM2YzEzMGIxYmE1NjQxNTU1NTNjYzEwZjQ3Mzc2NDAxNSJ9fX0="
          }
        ]
      }
    }
  }
}