{
  "type": "minecraft:stonecutting",
  "ingredient": "minecraft:respawn_anchor",
  "result": {
    "count": 8,
    "id": "minecraft:player_head",
    "components": {
      "custom_name": "{'text': 'Mini Respawn Anchor', 'color': 'white', 'italic': false}",
      "note_block_sound": "minecraft:block.respawn_anchor.ambient",
      "profile": {
        "properties": [
          {
            "name": "textures",
            "value": "eyJ0ZXh0dXJlcyI6eyJTS0lOIjp7InVybCI6Imh0dHA6Ly90ZXh0dXJlcy5taW5lY3JhZnQubmV0L3RleHR1cmUvMWFjZDQ3MzQ5NjQyNjQxM2VlYmI2NTIzZGVlNGEyZmMxN2MxOTJhYTMwMWQyMzQwNjcyY2FiYTI0OWMzZTRmNCJ9fX0="
          }
        ]
      }
    }
  }
}