{
  "type": "minecraft:stonecutting",
  "ingredient": "minecraft:rooted_dirt",
  "result": {
    "count": 8,
    "id": "minecraft:player_head",
    "components": {
      "custom_name": "{'text': 'Mini Rooted Dirt', 'color': 'white', 'italic': false}",
      "note_block_sound": "minecraft:block.rooted_dirt.hit",
      "profile": {
        "properties": [
          {
            "name": "textures",
            "value": "eyJ0ZXh0dXJlcyI6eyJTS0lOIjp7InVybCI6Imh0dHA6Ly90ZXh0dXJlcy5taW5lY3JhZnQubmV0L3RleHR1cmUvNTU0MGVmOWFiOWFiN2YzYWQ3ZmEyMTA1ODJkMTFmNjJlMmVkMTdjNjgzZjhjMzMwMzNhMWJlOTBhNTE3ZWE4NyJ9fX0="
          }
        ]
      }
    }
  }
}