{
  "type": "minecraft:stonecutting",
  "ingredient": "minecraft:scaffolding",
  "result": {
    "count": 8,
    "id": "minecraft:player_head",
    "components": {
      "custom_name": "{'text': 'Mini Scaffolding', 'color': 'white', 'italic': false}",
      "note_block_sound": "minecraft:block.scaffolding.hit",
      "profile": {
        "properties": [
          {
            "name": "textures",
            "value": "eyJ0ZXh0dXJlcyI6eyJTS0lOIjp7InVybCI6Imh0dHA6Ly90ZXh0dXJlcy5taW5lY3JhZnQubmV0L3RleHR1cmUvMjE1Y2Y0YzQzMzZhZTI0Y2VkYjkyYzc3MGQ4MjU2MGQwYzkwNjZmZjA3Y2I0MzhkYzNlYWU2NjczZGQxNjhkNiJ9fX0="
          }
        ]
      }
    }
  }
}