{
  "type": "minecraft:stonecutting",
  "ingredient": "minecraft:scrape_pottery_sherd",
  "result": {
    "count": 1,
    "id": "minecraft:player_head",
    "components": {
      "custom_name": "{'text': 'Mini Scrape Decorated Pot', 'color': 'white', 'italic': false}",
      "note_block_sound": "minecraft:block.decorated_pot.hit",
      "profile": {
        "properties": [
          {
            "name": "textures",
            "value": "eyJ0ZXh0dXJlcyI6eyJTS0lOIjp7InVybCI6Imh0dHA6Ly90ZXh0dXJlcy5taW5lY3JhZnQubmV0L3RleHR1cmUvMmQzODU5ZTg0MTJmZDc4ZmI5M2EwZjU0NjZmMjYyMzkxYmQ3ZGYyMGU4ZmQwM2E1ZDM1MTU5ZmZhYTY2MTA4YSJ9fX0="
          }
        ]
      }
    }
  }
}