{
  "type": "minecraft:stonecutting",
  "ingredient": "minecraft:sculk_catalyst",
  "result": {
    "count": 8,
    "id": "minecraft:player_head",
    "components": {
      "custom_name": "{'text': 'Mini Sculk Catalyst', 'color': 'white', 'italic': false}",
      "note_block_sound": "minecraft:block.sculk_catalyst.hit",
      "profile": {
        "properties": [
          {
            "name": "textures",
            "value": "eyJ0ZXh0dXJlcyI6eyJTS0lOIjp7InVybCI6Imh0dHA6Ly90ZXh0dXJlcy5taW5lY3JhZnQubmV0L3RleHR1cmUvMzVjMjMxMmMzNzVlMWQzMzQ4MjM0YzcyZjcwMTc2OTJjOTgxNmIxZTU5NGFjZDlmZmMyOWUyNmI4M2MwYjM3ZiJ9fX0="
          }
        ]
      }
    }
  }
}