{
  "type": "minecraft:stonecutting",
  "ingredient": "minecraft:sculk_sensor",
  "result": {
    "count": 4,
    "id": "minecraft:player_head",
    "components": {
      "custom_name": "{'text': 'Mini Sculk Sensor (Active)', 'color': 'white', 'italic': false}",
      "note_block_sound": "minecraft:block.sculk_sensor.clicking",
      "profile": {
        "properties": [
          {
            "name": "textures",
            "value": "eyJ0ZXh0dXJlcyI6eyJTS0lOIjp7InVybCI6Imh0dHA6Ly90ZXh0dXJlcy5taW5lY3JhZnQubmV0L3RleHR1cmUvY2I5NTJmMTY4NzdlMzBmMTIwYTJlODk0MzhkZDkwMTA2NmRlNDhiYmVjNmVhY2Q1MGM2ZTliYzIyMjc1NTE3MSJ9fX0="
          }
        ]
      }
    }
  }
}