{
  "type": "minecraft:stonecutting",
  "ingredient": "minecraft:skull_pottery_sherd",
  "result": {
    "count": 1,
    "id": "minecraft:player_head",
    "components": {
      "custom_name": "{'text': 'Mini Skull Decorated Pot', 'color': 'white', 'italic': false}",
      "note_block_sound": "minecraft:block.decorated_pot.hit",
      "profile": {
        "properties": [
          {
            "name": "textures",
            "value": "eyJ0ZXh0dXJlcyI6eyJTS0lOIjp7InVybCI6Imh0dHA6Ly90ZXh0dXJlcy5taW5lY3JhZnQubmV0L3RleHR1cmUvZmYyYzhiYTIwYTRiNzI0YjI3YzQ3NzY1NDE2MWJjZTI3M2JjZWE3ZjIwYWNmZDk0NmE4ODJiZDk1ZGUwZjVmZiJ9fX0="
          }
        ]
      }
    }
  }
}