{
  "type": "minecraft:stonecutting",
  "ingredient": "minecraft:smithing_table",
  "result": {
    "count": 8,
    "id": "minecraft:player_head",
    "components": {
      "custom_name": "{'text': 'Mini Smithing Table', 'color': 'white', 'italic': false}",
      "note_block_sound": "minecraft:block.smithing_table.use",
      "profile": {
        "properties": [
          {
            "name": "textures",
            "value": "eyJ0ZXh0dXJlcyI6eyJTS0lOIjp7InVybCI6Imh0dHA6Ly90ZXh0dXJlcy5taW5lY3JhZnQubmV0L3RleHR1cmUvYWUyNzlmMDVkYjgzNjAyMTg1OTU5MGE1YjVmNDM0OWE2MGFkZjAyYmMxZDMwOWRhODQwZDllYmJlZjhmMGUyYiJ9fX0="
          }
        ]
      }
    }
  }
}