{
  "type": "minecraft:stonecutting",
  "ingredient": "minecraft:smoker",
  "result": {
    "count": 8,
    "id": "minecraft:player_head",
    "components": {
      "custom_name": "{'text': 'Mini Lit Smoker', 'color': 'white', 'italic': false}",
      "note_block_sound": "minecraft:block.smoker.smoke",
      "profile": {
        "properties": [
          {
            "name": "textures",
            "value": "eyJ0ZXh0dXJlcyI6eyJTS0lOIjp7InVybCI6Imh0dHA6Ly90ZXh0dXJlcy5taW5lY3JhZnQubmV0L3RleHR1cmUvZTEzMzhhMWZkZWQ4NmY4NGQ3ZTE2ZTQzOTg1NDlmMjM1ODk1OTNhZDgwMTlhN2JkMWExMmQ2ZmVjM2U3ZjdiNSJ9fX0="
          }
        ]
      }
    }
  }
}