{
  "type": "minecraft:stonecutting",
  "ingredient": "minecraft:smooth_red_sandstone_stairs",
  "result": {
    "count": 6,
    "id": "minecraft:player_head",
    "components": {
      "custom_name": "{'text': 'Mini Smooth Red Sandstone', 'color': 'white', 'italic': false}",
      "note_block_sound": "minecraft:block.stone.hit",
      "profile": {
        "properties": [
          {
            "name": "textures",
            "value": "eyJ0ZXh0dXJlcyI6eyJTS0lOIjp7InVybCI6Imh0dHA6Ly90ZXh0dXJlcy5taW5lY3JhZnQubmV0L3RleHR1cmUvMjk5YjJiZjI2Mjc5OTAwOGU4N2RjNGJkN2JjMTA1ZDQwOGFjMGJlODU1YzFiZDI4MDdlZTc5N2JkYTZjY2IzYSJ9fX0="
          }
        ]
      }
    }
  }
}