{
  "type": "minecraft:stonecutting",
  "ingredient": "minecraft:smooth_quartz_stairs",
  "result": {
    "count": 6,
    "id": "minecraft:player_head",
    "components": {
      "custom_name": "{'text': 'Mini Smooth Quartz Block', 'color': 'white', 'italic': false}",
      "note_block_sound": "minecraft:block.stone.hit",
      "profile": {
        "properties": [
          {
            "name": "textures",
            "value": "eyJ0ZXh0dXJlcyI6eyJTS0lOIjp7InVybCI6Imh0dHA6Ly90ZXh0dXJlcy5taW5lY3JhZnQubmV0L3RleHR1cmUvYzkyYjJiMDQxNGNlZTM2YjI0ZDgzZjVjZmEwNzFkODYzODUyNzI0OWMyZGNkZGZhNTgwYmUzN2UwN2M2MGUwOCJ9fX0="
          }
        ]
      }
    }
  }
}