{
  "type": "minecraft:stonecutting",
  "ingredient": "minecraft:sniffer_egg",
  "result": {
    "count": 8,
    "id": "minecraft:player_head",
    "components": {
      "custom_name": "{'text': 'Mini Sniffer Egg', 'color': 'white', 'italic': false}",
      "note_block_sound": "minecraft:block.metal.hit",
      "profile": {
        "properties": [
          {
            "name": "textures",
            "value": "eyJ0ZXh0dXJlcyI6eyJTS0lOIjp7InVybCI6Imh0dHA6Ly90ZXh0dXJlcy5taW5lY3JhZnQubmV0L3RleHR1cmUvOWFjMDY4ZTA3YmFiNmM4MTM3MTIyOTZmZWEyMzZlZTcwM2ExY2Y2YzY3YmE0NjVmOTE1NWNmNWFmMWVkYTc3MCJ9fX0="
          }
        ]
      }
    }
  }
}