{
  "type": "minecraft:stonecutting",
  "ingredient": "minecraft:soul_campfire",
  "result": {
    "count": 4,
    "id": "minecraft:player_head",
    "components": {
      "custom_name": "{'text': 'Mini Soul Campfire', 'color': 'white', 'italic': false}",
      "note_block_sound": "minecraft:block.campfire.crackle",
      "profile": {
        "properties": [
          {
            "name": "textures",
            "value": "eyJ0ZXh0dXJlcyI6eyJTS0lOIjp7InVybCI6Imh0dHA6Ly90ZXh0dXJlcy5taW5lY3JhZnQubmV0L3RleHR1cmUvYWJiODRlNGMxYTMzMDY5M2Y3YmU1NTE2ZmQ2YzRmMzVhZWVjNDcwNTEyNDg5Y2U3MDYzYzYzOTMyOGFkNTdjNSJ9fX0="
          }
        ]
      }
    }
  }
}