{
  "type": "minecraft:stonecutting",
  "ingredient": "minecraft:spruce_log",
  "result": {
    "count": 8,
    "id": "minecraft:player_head",
    "components": {
      "custom_name": "{'text': 'Mini Spruce Log', 'color': 'white', 'italic': false}",
      "note_block_sound": "minecraft:block.wood.hit",
      "profile": {
        "properties": [
          {
            "name": "textures",
            "value": "eyJ0ZXh0dXJlcyI6eyJTS0lOIjp7InVybCI6Imh0dHA6Ly90ZXh0dXJlcy5taW5lY3JhZnQubmV0L3RleHR1cmUvZTczMTM3YzQ3ZWUxODllOWZkZDgxZWRhNDhjMTEyNjk0MGEwZTVkNmQ5Y2E0YzU5ZGQzYjgwY2NkOTI3YWRmOSJ9fX0="
          }
        ]
      }
    }
  }
}