{
  "type": "minecraft:stonecutting",
  "ingredient": "minecraft:stripped_mangrove_log",
  "result": {
    "count": 8,
    "id": "minecraft:player_head",
    "components": {
      "custom_name": "{'text': 'Mini Stripped Mangrove Log (Horizontal)', 'color': 'white', 'italic': false}",
      "note_block_sound": "minecraft:block.wood.hit",
      "profile": {
        "properties": [
          {
            "name": "textures",
            "value": "eyJ0ZXh0dXJlcyI6eyJTS0lOIjp7InVybCI6Imh0dHA6Ly90ZXh0dXJlcy5taW5lY3JhZnQubmV0L3RleHR1cmUvZTJkNWYzN2RlMGM4YmQ1YTQ0NmQ4ZGFjYzM4OTQyODhlNGE1ZTQ1M2Q4NGJjZjU1YmVhMzRmNjJiYjE0MWI4NyJ9fX0="
          }
        ]
      }
    }
  }
}