{
  "type": "minecraft:stonecutting",
  "ingredient": "minecraft:stripped_pale_oak_log",
  "result": {
    "count": 8,
    "id": "minecraft:player_head",
    "components": {
      "custom_name": "{'text': 'Mini Stripped Pale Oak Log', 'color': 'white', 'italic': false}",
      "note_block_sound": "minecraft:block.wood.hit",
      "profile": {
        "properties": [
          {
            "name": "textures",
            "value": "eyJ0ZXh0dXJlcyI6eyJTS0lOIjp7InVybCI6Imh0dHA6Ly90ZXh0dXJlcy5taW5lY3JhZnQubmV0L3RleHR1cmUvMzZmZmYzMmU2MjExNjhjYWYyNDQ0ZGUwZGE1NzdlN2Y5MmY3OTM3Y2Y0MmM1NTk5ZWZlMTE3ZDZjZDExNDUwOCJ9fX0="
          }
        ]
      }
    }
  }
}