{
  "type": "minecraft:stonecutting",
  "ingredient": "minecraft:stripped_jungle_log",
  "result": {
    "count": 8,
    "id": "minecraft:player_head",
    "components": {
      "custom_name": "{'text': 'Mini Stripped Jungle Log (Horizontal)', 'color': 'white', 'italic': false}",
      "note_block_sound": "minecraft:block.wood.hit",
      "profile": {
        "properties": [
          {
            "name": "textures",
            "value": "eyJ0ZXh0dXJlcyI6eyJTS0lOIjp7InVybCI6Imh0dHA6Ly90ZXh0dXJlcy5taW5lY3JhZnQubmV0L3RleHR1cmUvNjAxZTU0MGRjOTQwOWEwMTRhZDA0MjIwOTUxZDY1ZDgxOGE1NmJmYWU2OGE1ZDU4NGU0ZGY0ODQ0ODYxYTI0NiJ9fX0="
          }
        ]
      }
    }
  }
}