{
  "type": "minecraft:stonecutting",
  "ingredient": "minecraft:stripped_warped_hyphae",
  "result": {
    "count": 8,
    "id": "minecraft:player_head",
    "components": {
      "custom_name": "{'text': 'Mini Stripped Warped Hyphae', 'color': 'white', 'italic': false}",
      "note_block_sound": "minecraft:block.stem.hit",
      "profile": {
        "properties": [
          {
            "name": "textures",
            "value": "eyJ0ZXh0dXJlcyI6eyJTS0lOIjp7InVybCI6Imh0dHA6Ly90ZXh0dXJlcy5taW5lY3JhZnQubmV0L3RleHR1cmUvZjc3Y2M5MWM2YWFlNjQ0NzM2MTNhNWQ3YzgxNTQzZjE4NjM5ZmI4NzllZTVlMjM0ZWRhNmZkYzlhYzZhZTMwZSJ9fX0="
          }
        ]
      }
    }
  }
}