{
  "type": "minecraft:stonecutting",
  "ingredient": "minecraft:stripped_birch_wood",
  "result": {
    "count": 8,
    "id": "minecraft:player_head",
    "components": {
      "custom_name": "{'text': 'Mini Stripped Birch Wood', 'color': 'white', 'italic': false}",
      "note_block_sound": "minecraft:block.wood.hit",
      "profile": {
        "properties": [
          {
            "name": "textures",
            "value": "eyJ0ZXh0dXJlcyI6eyJTS0lOIjp7InVybCI6Imh0dHA6Ly90ZXh0dXJlcy5taW5lY3JhZnQubmV0L3RleHR1cmUvODY3NjVkOTk4NWI5YmQ1OWJmM2NhZGVmZGYxODViYWQwM2NlMTZiYmNhNjkzZmVlYTY4NmY5OTcyNTljZjZmZCJ9fX0="
          }
        ]
      }
    }
  }
}