{
  "type": "minecraft:stonecutting",
  "ingredient": "minecraft:stripped_bamboo_block",
  "result": {
    "count": 8,
    "id": "minecraft:player_head",
    "components": {
      "custom_name": "{'text': 'Mini Stripped Bamboo Block (Horizontal)', 'color': 'white', 'italic': false}",
      "note_block_sound": "minecraft:block.bamboo_wood.hit",
      "profile": {
        "properties": [
          {
            "name": "textures",
            "value": "eyJ0ZXh0dXJlcyI6eyJTS0lOIjp7InVybCI6Imh0dHA6Ly90ZXh0dXJlcy5taW5lY3JhZnQubmV0L3RleHR1cmUvNDAzNGYxYzVjNGM0ZTFmYzJiMTE0MmQ5YTBmOWIxY2YyNGVkZTYxOThlODFhYzM3NzJkMjZkZDMxOTRlZjA3MCJ9fX0="
          }
        ]
      }
    }
  }
}