{
  "type": "minecraft:stonecutting",
  "ingredient": "minecraft:stripped_warped_stem",
  "result": {
    "count": 8,
    "id": "minecraft:player_head",
    "components": {
      "custom_name": "{'text': 'Mini Stripped Warped Stem', 'color': 'white', 'italic': false}",
      "note_block_sound": "minecraft:block.stem.hit",
      "profile": {
        "properties": [
          {
            "name": "textures",
            "value": "eyJ0ZXh0dXJlcyI6eyJTS0lOIjp7InVybCI6Imh0dHA6Ly90ZXh0dXJlcy5taW5lY3JhZnQubmV0L3RleHR1cmUvOGYxODM0YjJkMzQ2ZWRiMjBmZmMwMmY0Mzc3MGQwYjFlY2UzNTJlNzJlMWVkZjc1NWYxYWQ0YzM5YTZkYTJhMyJ9fX0="
          }
        ]
      }
    }
  }
}