{
  "type": "minecraft:stonecutting",
  "ingredient": "minecraft:sand",
  "result": {
    "count": 8,
    "id": "minecraft:player_head",
    "components": {
      "custom_name": "{'text': 'Mini Suspicious Sand', 'color': 'white', 'italic': false}",
      "note_block_sound": "minecraft:block.suspicious_sand.hit",
      "profile": {
        "properties": [
          {
            "name": "textures",
            "value": "eyJ0ZXh0dXJlcyI6eyJTS0lOIjp7InVybCI6Imh0dHA6Ly90ZXh0dXJlcy5taW5lY3JhZnQubmV0L3RleHR1cmUvODQ0Zjk5MDc3OGQ3NjdlYTkyZWJiNzc5YjBiN2M1NDJiMjEyYTE4OTIwMmExY2E4ZTk1YzY5ZmUxYjcwYjVkZCJ9fX0="
          }
        ]
      }
    }
  }
}