{
  "type": "minecraft:stonecutting",
  "ingredient": "minecraft:sweet_berries",
  "result": {
    "count": 1,
    "id": "minecraft:player_head",
    "components": {
      "custom_name": "{'text': 'Mini Sweet Berry Bush', 'color': 'white', 'italic': false}",
      "note_block_sound": "minecraft:block.sweet_berry_bush.break",
      "profile": {
        "properties": [
          {
            "name": "textures",
            "value": "eyJ0ZXh0dXJlcyI6eyJTS0lOIjp7InVybCI6Imh0dHA6Ly90ZXh0dXJlcy5taW5lY3JhZnQubmV0L3RleHR1cmUvMzJhZjdmYThiZGYzMjUyZjY5ODYzYjIwNDU1OWQyM2JmYzJiOTNkNDE0MzcxMDM0MzdhYjE5MzVmMzIzYTMxZiJ9fX0="
          }
        ]
      }
    }
  }
}