{
  "type": "minecraft:stonecutting",
  "ingredient": "minecraft:trapped_chest",
  "result": {
    "count": 8,
    "id": "minecraft:player_head",
    "components": {
      "custom_name": "{'text': 'Mini Trapped Chest', 'color': 'white', 'italic': false}",
      "note_block_sound": "minecraft:block.chest.open",
      "profile": {
        "properties": [
          {
            "name": "textures",
            "value": "eyJ0ZXh0dXJlcyI6eyJTS0lOIjp7InVybCI6Imh0dHA6Ly90ZXh0dXJlcy5taW5lY3JhZnQubmV0L3RleHR1cmUvMjc1YmNmZjJlNzRkZWVkMzdhMzE5YTFmNDA0ZTcwZDA2YTVmMzYwY2FjZWU5OWM3MTM0NmYzODU2MGNiZDcyYSJ9fX0="
          }
        ]
      }
    }
  }
}