{
  "type": "minecraft:stonecutting",
  "ingredient": "minecraft:tuff_brick_slab",
  "result": {
    "count": 4,
    "id": "minecraft:player_head",
    "components": {
      "custom_name": "{'text': 'Mini Tuff Bricks', 'color': 'white', 'italic': false}",
      "note_block_sound": "minecraft:block.tuff_bricks.hit",
      "profile": {
        "properties": [
          {
            "name": "textures",
            "value": "eyJ0ZXh0dXJlcyI6eyJTS0lOIjp7InVybCI6Imh0dHA6Ly90ZXh0dXJlcy5taW5lY3JhZnQubmV0L3RleHR1cmUvZjE4NjIzNGU0MWM3NmU5NGY5NWFkODE4YjFkYzAyYjE2Mjk3MWIzMjgyNmMyMDk3MDY5ODc5MDMyZDk2ZDcxMyJ9fX0="
          }
        ]
      }
    }
  }
}