{
  "type": "minecraft:stonecutting",
  "ingredient": "minecraft:warped_fungus",
  "result": {
    "count": 1,
    "id": "minecraft:player_head",
    "components": {
      "custom_name": "{'text': 'Warped Fungus', 'color': 'white', 'italic': false}",
      "note_block_sound": "minecraft:block.fungus.break",
      "profile": {
        "properties": [
          {
            "name": "textures",
            "value": "eyJ0ZXh0dXJlcyI6eyJTS0lOIjp7InVybCI6Imh0dHA6Ly90ZXh0dXJlcy5taW5lY3JhZnQubmV0L3RleHR1cmUvYzQyNTE4Mjc4YjZhODg3MDE0Y2E3ZjczZDY5MGJiM2MwZjg3ZjE5MGMwYTI1ZThhY2ZmZjVkYjIwMWZiYTIxNyJ9fX0="
          }
        ]
      }
    }
  }
}