{
  "type": "minecraft:stonecutting",
  "ingredient": "minecraft:ice",
  "result": {
    "count": 8,
    "id": "minecraft:player_head",
    "components": {
      "custom_name": "{'text': 'Mini Water', 'color': 'white', 'italic': false}",
      "note_block_sound": "minecraft:block.water.ambient",
      "profile": {
        "properties": [
          {
            "name": "textures",
            "value": "eyJ0ZXh0dXJlcyI6eyJTS0lOIjp7InVybCI6Imh0dHA6Ly90ZXh0dXJlcy5taW5lY3JhZnQubmV0L3RleHR1cmUvYmNmYjQ5YTY0YWQyMTY4NGZmMzY2MWY1NTg2Y2EwYWUzMWQ1YmU4YjkyZGIyOTJiMDkzZTM2ZDBlYjI0ZTU4NSJ9fX0="
          }
        ]
      }
    }
  }
}