{
  "type": "minecraft:stonecutting",
  "ingredient": "minecraft:weathered_chiseled_copper",
  "result": {
    "count": 8,
    "id": "minecraft:player_head",
    "components": {
      "custom_name": "{'text': 'Mini Weathered Chiseled Copper', 'color': 'white', 'italic': false}",
      "note_block_sound": "minecraft:block.copper.hit",
      "profile": {
        "properties": [
          {
            "name": "textures",
            "value": "eyJ0ZXh0dXJlcyI6eyJTS0lOIjp7InVybCI6Imh0dHA6Ly90ZXh0dXJlcy5taW5lY3JhZnQubmV0L3RleHR1cmUvMjJhZjk1OWExOWY3YTdiNjQ0NDA5OGNhMWUwYTM0MWMxMjBmMGQ5MGFjOWMyOWMzZGE5MzA2ZWQ2MWU3ZGFlMyJ9fX0="
          }
        ]
      }
    }
  }
}