{
  "type": "minecraft:stonecutting",
  "ingredient": "minecraft:weathered_cut_copper_slab",
  "result": {
    "count": 4,
    "id": "minecraft:player_head",
    "components": {
      "custom_name": "{'text': 'Mini Weathered Cut Copper', 'color': 'white', 'italic': false}",
      "note_block_sound": "minecraft:block.copper.hit",
      "profile": {
        "properties": [
          {
            "name": "textures",
            "value": "eyJ0ZXh0dXJlcyI6eyJTS0lOIjp7InVybCI6Imh0dHA6Ly90ZXh0dXJlcy5taW5lY3JhZnQubmV0L3RleHR1cmUvNWZhOGZjNDM3MThhZTgxZDU4M2M2NGIyOTA0ZmE1ZmMwMzBiMWJkYmVjMmFmNjYwNTA5OWRmMmZkMmYwMGE2MSJ9fX0="
          }
        ]
      }
    }
  }
}