{
  "type": "minecraft:stonecutting",
  "ingredient": "minecraft:white_terracotta",
  "result": {
    "count": 8,
    "id": "minecraft:player_head",
    "components": {
      "custom_name": "{'text': 'Mini White Terracotta', 'color': 'white', 'italic': false}",
      "note_block_sound": "minecraft:block.stone.hit",
      "profile": {
        "properties": [
          {
            "name": "textures",
            "value": "eyJ0ZXh0dXJlcyI6eyJTS0lOIjp7InVybCI6Imh0dHA6Ly90ZXh0dXJlcy5taW5lY3JhZnQubmV0L3RleHR1cmUvNTE0NzgxY2E5MTgxODkxM2FkMjNmYThiMWU1MDFhZjgzMTQ2Yjc0ZTJkYTFiNTJjZDdlODg3NTQyY2JjYmY5In19fQ=="
          }
        ]
      }
    }
  }
}