{
  "type": "minecraft:stonecutting",
  "ingredient": "minecraft:yellow_concrete",
  "result": {
    "count": 8,
    "id": "minecraft:player_head",
    "components": {
      "custom_name": "{'text': 'Mini Yellow Concrete', 'color': 'white', 'italic': false}",
      "note_block_sound": "minecraft:block.stone.hit",
      "profile": {
        "properties": [
          {
            "name": "textures",
            "value": "eyJ0ZXh0dXJlcyI6eyJTS0lOIjp7InVybCI6Imh0dHA6Ly90ZXh0dXJlcy5taW5lY3JhZnQubmV0L3RleHR1cmUvZmNhNWJmZjMyNWVkNzFkOTdhMmRkZmM4M2FjZjA1ZmU3ZmQ5Y2I3Y2JkYjE1ZWJiNGYwNTYyMTkwN2U5ZjJiIn19fQ=="
          }
        ]
      }
    }
  }
}