{
  "type": "minecraft:stonecutting",
  "ingredient": "minecraft:yellow_concrete_powder",
  "result": {
    "count": 8,
    "id": "minecraft:player_head",
    "components": {
      "custom_name": "{'text': 'Mini Yellow Concrete Powder', 'color': 'white', 'italic': false}",
      "note_block_sound": "minecraft:block.sand.hit",
      "profile": {
        "properties": [
          {
            "name": "textures",
            "value": "eyJ0ZXh0dXJlcyI6eyJTS0lOIjp7InVybCI6Imh0dHA6Ly90ZXh0dXJlcy5taW5lY3JhZnQubmV0L3RleHR1cmUvZjdhOTk2NGY1NzJmZDAzYzMyZGZhMjU4NjE1NWZhM2QxMGU2MjdkZjc3OWE0MWYyNjJmZGU4MmJmYjQxYmEwIn19fQ=="
          }
        ]
      }
    }
  }
}