{
	"parent": "minecraft:recipes/root",
	"requirements": [
		[
			"has_template",
			"has_the_recipe"
		]
	],	"criteria": {
		"has_template": {
			"trigger": "minecraft:inventory_changed",
			"conditions": {
				"items": [
					{
						"items": [
							"minecraft:nether_wart_block"
						]
					}
				]
			}
		},
		"has_the_recipe": {
			"trigger": "minecraft:recipe_unlocked",
			"conditions": {
				"recipe": "extratrims:wart"
			}
		}
	},
	"rewards": {
		"recipes": [
			"extratrims:wart"
		]
	}
}