{
    "pools": [
        {
            "rolls": 1,
            "entries": [
                {
                    "type": "minecraft:item",
                    "name": "minecraft:carrot_on_a_stick",
                    "functions": [
                        {
                            "function": "minecraft:set_components",
                            "components": {
                                "minecraft:item_name": "{\"text\":\"C4 Remote\",\"color\":\"dark_green\",\"italic\":false}",
                                "minecraft:lore": [
                                    "[{\"text\":\"Uses: \",\"color\":\"gray\",\"italic\":false},{\"text\":\"5/5\",\"color\":\"gold\",\"italic\":false}]",
                                    "[{\"text\":\"Range: \",\"color\":\"gray\",\"italic\":false},{\"text\":\"50\",\"color\":\"green\",\"italic\":false}]"
                                ],
                                "item_model": "gbg:equipment/c4_remote",
                                "minecraft:max_stack_size": 1,
                                "minecraft:max_damage": 5,
                                "minecraft:damage": 0,
                                "minecraft:custom_data": {
                                    "gbg_c4_remote": 1,
                                    "gbg_item_uses_left": 5
                                }
                            }
                        }
                    ]
                }
            ]
        }
    ]
}