{
    "type": "minecraft:crafting_shaped",
    "category": "equipment",
    "pattern": [
        "RIB",
        " II"
    ],
    "key": {
        "B": "minecraft:iron_block",
        "R": "minecraft:redstone_block",
        "I": "minecraft:iron_ingot"
    },
    "result": {
        "id": "minecraft:crossbow",
        "count": 1,
        "components": {
            "minecraft:custom_name": "{\"text\":\"Laser Pistol\",\"color\":\"red\",\"italic\":false}",
            "minecraft:lore": [
                "[{\"text\":\"Ammo: \",\"color\":\"gray\",\"italic\":false},{\"text\":\" 0/8\",\"color\":\"gold\",\"italic\":false}]",
                "[{\"text\":\"Damage: \",\"color\":\"gray\",\"italic\":false},{\"text\":\" 22\",\"color\":\"red\",\"italic\":false}]",
                "[{\"text\":\"Range: \",\"color\":\"gray\",\"italic\":false},{\"text\":\" 70\",\"color\":\"green\",\"italic\":false}]",
                "[{\"text\":\"Rate of Fire: \",\"color\":\"gray\",\"italic\":false},{\"text\":\" 20 ticks\",\"color\":\"yellow\",\"italic\":false}]",
                "[{\"text\":\"Ammunition: \",\"color\":\"gray\",\"italic\":false},{\"text\":\" gbg_9v_laser_battery\",\"color\":\"#0098ff\",\"italic\":false}]",
                "[{\"text\":\"Reload Speed: \",\"color\":\"gray\",\"italic\":false},{\"text\":\" 35 ticks\",\"color\":\"#2dfcff\",\"italic\":false}]",
                "[{\"text\":\"Recoil Strength: \",\"color\":\"gray\",\"italic\":false},{\"text\":\" 5/14\",\"color\":\"#bf46ff\",\"italic\":false}]",
                "[{\"text\":\"Press \",\"color\":\"dark_gray\",\"italic\":true},{\"keybind\":\"key.swapOffhand\",\"color\":\"dark_red\",\"italic\":true},{\"text\":\" to reload\",\"color\":\"dark_gray\",\"italic\":true}]",
                "[{\"keybind\":\"key.use\",\"color\":\"dark_red\",\"italic\":true},{\"text\":\" to shoot\",\"color\":\"dark_gray\",\"italic\":true}]"
            ],
            "minecraft:item_model": "gbg:gun/laser/laser_pistol",
            "minecraft:damage": 198,
            "minecraft:max_damage": 200,
            "minecraft:max_stack_size": 1,
            "minecraft:custom_data": {
                "gbg_is_gun": 1,
                "gbg": {
                    "gun_version": 3,
                    "damage": 22,
                    "range": 70,
                    "fire_rate": 20,
                    "projectile_type": 4,
                    "projectile_speed": 1,
                    "damage_type": 4,
                    "zoom_strength": 10,
                    "disable_zoom_bobbing": false,
                    "recoil_strength": 5,
                    "zoom_recoil_strength": 4,
                    "max_ammo": 8,
                    "current_ammo": 0,
                    "reload_speed": 35,
                    "reload_type": 4,
                    "ammo_base": "command_block",
                    "ammo_item_tag": "gbg_9v_laser_battery",
                    "shoot_sound": "gbg:laser_pistol_fire",
                    "reload_sound": "gbg:laser_pistol_reload",
                    "idle_model": "gbg:gun/laser/laser_pistol",
                    "zoom_model": "gbg:gun/laser/laser_pistol_zoom"
                }
            },
            "minecraft:enchantments": {
                "show_in_tooltip": false,
                "levels": {
                    "gbg:shoot_gun": 1
                }
            },
            "minecraft:enchantment_glint_override": false,
            "minecraft:attribute_modifiers": {
                "modifiers": [
                    {
                        "id": "gbg:interaction_range_limiter",
                        "type": "minecraft:block_interaction_range",
                        "amount": -100,
                        "operation": "add_value",
                        "slot": "mainhand"
                    },
                    {
                        "id": "gbg:interaction_range_limiter",
                        "type": "minecraft:entity_interaction_range",
                        "amount": -100,
                        "operation": "add_value",
                        "slot": "mainhand"
                    }
                ],
                "show_in_tooltip": false
            },
            "minecraft:charged_projectiles": [
                {
                    "id": "minecraft:dirt",
                    "components": {
                        "minecraft:item_name": "\"GBG Projectile\""
                    }
                }
            ]
        }
    }
}