[
    {
      "condition": "minecraft:any_of",
      "terms": [
        {
          "condition": "minecraft:entity_properties",
          "entity": "this",
          "predicate": {
            "equipment": {
              "offhand": {
                "items": "minecraft:bat_spawn_egg"
              }
            }
          }
        },
        {
          "condition": "minecraft:entity_properties",
          "entity": "this",
          "predicate": {
            "equipment": {
              "mainhand": {
                "items": "minecraft:bat_spawn_egg"
              }
            }
          }
        }
      ]
    }
  ]