[
    {
      "function": "minecraft:set_lore",
      "entity": "this",
      "lore": [
        [
          {
            "text": "Range: ",
            "color": "gray",
            "italic": false
          },
          {
            "text": " 50",
            "color": "green",
            "italic": false
          }
        ]
      ],
      "mode": "append",
      "conditions": [
        {
          "condition": "minecraft:entity_properties",
          "entity": "this",
          "predicate": {}
        }
      ]
    }
  ]
  